system_id,g_protein_family,source_replica,pdb_sha256,xtc_sha256,n_atoms,frame_count,frame_interval_ps,represented_span_ns,pdb_xtc_atom_counts_match,finite_coordinates,finite_monotonic_time,valid_periodic_box,atom_order_backbone_geometry,catastrophic_chain_break_absent,complex_separation_absent,coordinate_scatter_absent,full_frames_checked,release_action,full_frame_qc_status,component_scope,component_scope_authority,excluded_components,schema_version
G12_7SF7,G12-13,1,4f8a47b2bda9cc271c84f790afded96d387b1991236728a338f4eaab6c7b6ec5,9763422edfb3d07032901e1f45d577e6c02094925e2189614b71f5408a26ca0e,14148,2500,200.0,499.8,True,True,True,True,passed,True,True,True,2500,canonical_preserved,passed,proteins plus selected ligands retained during system preparation where applicable,author-defined system preparation and release selection,membrane;solvent;ions;ligands intentionally removed during system preparation,1.0
G12_7SF8,G12-13,1,fafbd07feffcf6e0a0f656dd40a4bdc5a4d76fd764d9cded303879376e03cbe9,32882f2072d34ad001ffe301ab6ac6add8045256139ab4006c2c75567e1a9fe5,13853,2500,200.0,499.8,True,True,True,True,passed,True,True,True,2500,canonical_preserved,passed,proteins plus selected ligands retained during system preparation where applicable,author-defined system preparation and release selection,membrane;solvent;ions;ligands intentionally removed during system preparation,1.0
G12_7T6B,G12-13,1,b8b11cc6f4bac15c777671fd4f818ccda809da4398599db71d6ed9a6c9d666e4,7e81f67f2ef127cffc2078d3d685beab375470aa169c38fcfd087d988e98c5f9,17318,2500,200.0,499.8,True,True,True,True,passed,True,True,True,2500,canonical_preserved,passed,proteins plus selected ligands retained during system preparation where applicable,author-defined system preparation and release selection,membrane;solvent;ions;ligands intentionally removed during system preparation,1.0
G12_8IKL,G12-13,1,0f1f688440f3e10c3181780c19cadd46c65cae2b96fd06b187bdcbadfad60196,51e62539008ab8de9aaea879f55a7d18397136cfff5afb8281f682c76f5e42b6,14016,2500,200.0,499.8,True,True,True,True,passed,True,True,True,2500,canonical_preserved,passed,proteins plus selected ligands retained during system preparation where applicable,author-defined system preparation and release selection,membrane;solvent;ions;ligands intentionally removed during system preparation,1.0
G12_8KGG,G12-13,1,6ee137d37128d93618c86df055c61a8a8bed8843448317a246a590dd2ffb42fa,a3f463fc011de4adc2a81539c7675e4b75ed589908a5a37ffdc2230ce61ec4f4,14535,2500,200.0,499.8,True,True,True,True,passed,True,True,True,2500,canonical_preserved,passed,proteins plus selected ligands retained during system preparation where applicable,author-defined system preparation and release selection,membrane;solvent;ions;ligands intentionally removed during system preparation,1.0
G12_9IY8,G12-13,1,7a68bff5c75193cd6abb519d3bedb05600b8d1cf18a12289b6ca144a70aae0a6,0532647567a1e6e9848f0939d25397c78fe836086349b1a267d9d71dc72f76ad,17378,2500,200.0,499.8,True,True,True,True,passed,True,True,True,2500,canonical_preserved,passed,proteins plus selected ligands retained during system preparation where applicable,author-defined system preparation and release selection,membrane;solvent;ions;ligands intentionally removed during system preparation,1.0
Gi_6CMO,Gi,1,23f93f0f85c1a467b9d05b377bf9f518ae6f9c30f5cfe00ae57b949ee8f6f625,be0de55aa284fd44e2924b40325adc98d37c784d5c2075b43ef1524379bb331b,16941,2500,200.0,499.8,True,True,True,True,passed,True,True,True,2500,canonical_preserved,passed,proteins plus selected ligands retained during system preparation where applicable,author-defined system preparation and release selection,membrane;solvent;ions;ligands intentionally removed during system preparation,1.0
Gi_6D9H,Gi,1,3636955f581f401facc525ad38949ce26badebf54e80ea0ff2a2df4814a5ae33,81e74c1970f214dde843f76c909c51016c51adede3502c09639ec9e487a61656,16911,2500,200.0,499.8,True,True,True,True,passed,True,True,True,2500,canonical_preserved,passed,proteins plus selected ligands retained during system preparation where applicable,author-defined system preparation and release selection,membrane;solvent;ions;ligands intentionally removed during system preparation,1.0
Gi_6G79,Gi,1,bbe5696d72e0283176ba00d50d0e5d75caab7c0143479b04210014af6d95a6c4,66063cdcfa8d0a486429c2620bd8aa51e686fe2431035e64bd3955694dcdc2ea,17123,2500,200.0,499.8,True,True,True,True,passed,True,True,True,2500,canonical_preserved,passed,proteins plus selected ligands retained during system preparation where applicable,author-defined system preparation and release selection,membrane;solvent;ions;ligands intentionally removed during system preparation,1.0
Gi_6K42,Gi,1,0f20ca4456cce4691d42707d7e9925b5354954c016e548b549af28b58cef8c64,bd27a05629f63c157195e0c54acc46ddd32b02c31785d238b18b9951af743414,18477,2500,200.0,499.8,True,True,True,True,passed,True,True,True,2500,canonical_preserved,passed,proteins plus selected ligands retained during system preparation where applicable,author-defined system preparation and release selection,membrane;solvent;ions;ligands intentionally removed during system preparation,1.0
Gi_6LFO,Gi,1,604f24a294e82ccd2a3cdbef11487b363853bc06a3c60d50c2a761ffd3c0bee8,2cfd381269f70b9168ab56a0117b0f514005323c5445ae82558dfe223e5347cc,18016,2500,200.0,499.8,True,True,True,True,passed,True,True,True,2500,canonical_preserved,passed,proteins plus selected ligands retained during system preparation where applicable,author-defined system preparation and release selection,membrane;solvent;ions;ligands intentionally removed during system preparation,1.0
Gi_6LML,Gi,1,be7f70d298db42c1b72d2c273186583274171c6e6d8a72dd225c48dc20f2c868,d63982873fb415b40433a04046a09813c82a4df2887872545752b19aa97d0a61,17604,2500,200.0,499.8,True,True,True,True,passed,True,True,True,2500,canonical_preserved,passed,proteins plus selected ligands retained during system preparation where applicable,author-defined system preparation and release selection,membrane;solvent;ions;ligands intentionally removed during system preparation,1.0
Gi_6OSA,Gi,1,98f846bd8deefe0f616efb2bd76df3929b98c481fcd7dc50f2f636ff83fa6fb5,80caaf6c1c00110af846accd377b59b5948b32457cbcff1a961f7392157f59ec,17004,2500,200.0,499.8,True,True,True,True,passed,True,True,True,2500,canonical_preserved,passed,proteins plus selected ligands retained during system preparation where applicable,author-defined system preparation and release selection,membrane;solvent;ions;ligands intentionally removed during system preparation,1.0
Gi_6PT0,Gi,1,fe764bfd9977d2e965f817c4be3ab7e490f666e0f4094c39bbc150cd9e921bab,1ac81dec4f069e7bcf58c9c15d8071baa6ade858b23eb36199d2b032667aebf4,16711,2500,200.0,499.8,True,True,True,True,passed,True,True,True,2500,canonical_preserved,passed,proteins plus selected ligands retained during system preparation where applicable,author-defined system preparation and release selection,membrane;solvent;ions;ligands intentionally removed during system preparation,1.0
Gi_6WWZ,Gi,1,26d70dff25c299defbf805a49283ffcfeac693b31aa50ff8d2e662f135b18625,60acffcd989c3105321211fe1600cba3fc350e57c15d7baa2c2d0be8232ffce2,18047,2500,200.0,499.8,True,True,True,True,passed,True,True,True,2500,canonical_preserved,passed,proteins plus selected ligands retained during system preparation where applicable,author-defined system preparation and release selection,membrane;solvent;ions;ligands intentionally removed during system preparation,1.0
Gi_7CMV,Gi,1,1813ec3fbf28639f40c29fa8cc431dc15ac8ff93ff51e5ba88481c41270d2756,2254cba8344f22375632c94a4ae48ca85371eed510b544e79cb1adc9657ca525,17483,2500,200.0,499.8,True,True,True,True,passed,True,True,True,2500,canonical_preserved,passed,proteins plus selected ligands retained during system preparation where applicable,author-defined system preparation and release selection,membrane;solvent;ions;ligands intentionally removed during system preparation,1.0
Gi_7D77,Gi,1,d7c041cea7168b1eaaea07c7f96da49575649934b4436e645479e2b052cd5a1f,bc9ad5c1142574faf67515eb307f9d9fd2c8fcf5b492f3838dcc1b9f50a1d080,15868,2500,200.0,499.8,True,True,True,True,passed,True,True,True,2500,canonical_preserved,passed,proteins plus selected ligands retained during system preparation where applicable,author-defined system preparation and release selection,membrane;solvent;ions;ligands intentionally removed during system preparation,1.0
Gi_7E2X,Gi,1,0fdaddc12f90dcf05013ada4cc6279867ed53319e96707b6dae2719216a1fc94,a1dae89160b50ff5e1766fc5c56a50264194079b04e9c438569903c3a5e1660a,17400,2500,200.0,499.8,True,True,True,True,passed,True,True,True,2500,canonical_preserved,passed,proteins plus selected ligands retained during system preparation where applicable,author-defined system preparation and release selection,membrane;solvent;ions;ligands intentionally removed during system preparation,1.0
Gi_7E32,Gi,1,97a6f951aecc2194fb8441083c5c19390811ac9bf74e1c04e4bcaf5361af6ad4,25395971feca00b42689a972e98ba6ad639bb7c790196bec0acb5f9564f9bd3f,16911,2500,200.0,499.8,True,True,True,True,passed,True,True,True,2500,canonical_preserved,passed,proteins plus selected ligands retained during system preparation where applicable,author-defined system preparation and release selection,membrane;solvent;ions;ligands intentionally removed during system preparation,1.0
Gi_7E33,Gi,1,499f1573fed6f2b1180798ebf0ae3a46bbcf0be778ced8036d8b7c02ba9d9f05,a8ed3ee1b2cee2f94454cebda850ce009e5924cb8561df32d4bdfffb80456329,17230,2500,200.0,499.8,True,True,True,True,passed,True,True,True,2500,canonical_preserved,passed,proteins plus selected ligands retained during system preparation where applicable,author-defined system preparation and release selection,membrane;solvent;ions;ligands intentionally removed during system preparation,1.0
Gi_7EJX,Gi,1,2189f47f5d227bfec821dd40db710a7d1b3ca627da987d0fcf9698748fd1bfd3,0a82521bc3d22a756226ab3ed33b848f4ef5ef7c7e9dce74a2447a6c46fbc37d,16504,2500,200.0,499.8,True,True,True,True,passed,True,True,True,2500,canonical_preserved,passed,proteins plus selected ligands retained during system preparation where applicable,author-defined system preparation and release selection,membrane;solvent;ions;ligands intentionally removed during system preparation,1.0
Gi_7EW1,Gi,1,1940896a0c8d5ed54c02d7ded0a57eef4f579fe8210ab0b0c0e6537f3ea07fb5,983d86852ffa7a6c88b78ef92164fb9039f3d4c84dde37e5d8b775cb63073d23,16725,2500,200.0,499.8,True,True,True,True,passed,True,True,True,2500,canonical_preserved,passed,proteins plus selected ligands retained during system preparation where applicable,author-defined system preparation and release selection,membrane;solvent;ions;ligands intentionally removed during system preparation,1.0
Gi_7EW4,Gi,1,dd75f90352834e07f3ed57887aecfd9da5433762a2730fbeb97be941b0fa54db,60ca610ca7d2dce2439ed0b89ab6b8b1436add1eecfc68e3b3d3a93bdb0120fd,16858,2500,200.0,499.8,True,True,True,True,passed,True,True,True,2500,canonical_preserved,passed,proteins plus selected ligands retained during system preparation where applicable,author-defined system preparation and release selection,membrane;solvent;ions;ligands intentionally removed during system preparation,1.0
Gi_7EXD,Gi,1,bfd2738b6c29af3aab9a2a7648499c042e7e739bbce3df35a1a751d840325ecd,0fd4c3e092d95f47391e42d2d4b75b4de0944ff4ac60281e68763f386b4c76d3,17533,2500,200.0,499.8,True,True,True,True,passed,True,True,True,2500,canonical_preserved,passed,proteins plus selected ligands retained during system preparation where applicable,author-defined system preparation and release selection,membrane;solvent;ions;ligands intentionally removed during system preparation,1.0
Gi_7EZH,Gi,1,763ef403b231e72f3cca73d330b17054e4d7d6c7c61a47fe66d49ff46b1fadf5,b018f8a0b8707735bcdc0919a9c86a2412ed69551252e33fa1bea0e0e08f6768,17440,2500,200.0,499.8,True,True,True,True,passed,True,True,True,2500,canonical_preserved,passed,proteins plus selected ligands retained during system preparation where applicable,author-defined system preparation and release selection,membrane;solvent;ions;ligands intentionally removed during system preparation,1.0
Gi_7F1Q,Gi,1,7ab6dbc2122ae3f648864c84142e5fc5df2c88ff978f63173099e31b7a0dc0e6,0dc9c47094a2ef8fcd1b7d7e110a2aa243697ba30916f4aac23aed9b5d36251f,16925,2500,200.0,499.8,True,True,True,True,passed,True,True,True,2500,canonical_preserved,passed,proteins plus selected ligands retained during system preparation where applicable,author-defined system preparation and release selection,membrane;solvent;ions;ligands intentionally removed during system preparation,1.0
Gi_7F8V,Gi,1,e1849ae4a614f49cbd44dc47ee9972d983bb49c74e7539740233071b30b86441,0bc9671b71514bbae1b28f2ef64c802d0c9c40fb7490d681065f65632767bc7e,16404,2500,200.0,499.8,True,True,True,True,passed,True,True,True,2500,canonical_preserved,passed,proteins plus selected ligands retained during system preparation where applicable,author-defined system preparation and release selection,membrane;solvent;ions;ligands intentionally removed during system preparation,1.0
Gi_7NA7,Gi,1,654de2f9d31047043eca7341c204c9613a8ed6544d39ede13ce66a0498ab003b,76ca960b07bfdbd91ad93f0c497e284ed121fb50359a53e581f974dc171ebe03,17043,2500,200.0,499.8,True,True,True,True,passed,True,True,True,2500,canonical_preserved,passed,proteins plus selected ligands retained during system preparation where applicable,author-defined system preparation and release selection,membrane;solvent;ions;ligands intentionally removed during system preparation,1.0
Gi_7QVM,Gi,1,1ae46eaed730dac986cfbac204685237278e4a3ae59ed437bfdc56b7f790ab44,8edd194fa0ab69e0a8b58b953f27e019a5d738c72e4456f9c6b0417d053571fa,16625,2500,200.0,499.8,True,True,True,True,passed,True,True,True,2500,canonical_preserved,passed,proteins plus selected ligands retained during system preparation where applicable,author-defined system preparation and release selection,membrane;solvent;ions;ligands intentionally removed during system preparation,1.0
Gi_7SQO,Gi,1,49f7951263f119afa153376ccac6c6d26532c101cff44ea58e6bfb2a1d7bd133,2f9cd21f11c53177ce533b79e25206a8905b6bb218d84a787f2153632715147c,16796,2500,200.0,499.8,True,True,True,True,passed,True,True,True,2500,canonical_preserved,passed,proteins plus selected ligands retained during system preparation where applicable,author-defined system preparation and release selection,membrane;solvent;ions;ligands intentionally removed during system preparation,1.0
Gi_7T10,Gi,1,06caef2d46fed10259b35d4a689ddcab9ecee68a62b64583038477a560c9241b,fefafe829c80ae2228e49e37e7ecf2f3d4e0dcd039b4198b5c62ba6ddaacbd53,16482,2500,200.0,499.8,True,True,True,True,passed,True,True,True,2500,canonical_preserved,passed,proteins plus selected ligands retained during system preparation where applicable,author-defined system preparation and release selection,membrane;solvent;ions;ligands intentionally removed during system preparation,1.0
Gi_7T96,Gi,1,a634cf66ebc20924f1cf6663d99c8b3c757d5d9fc298bbed1a5065bf746e6c0f,7674dca4117123d28df238bb5b0aa6d8ef5f054e72992e04d17cea6ba09d28f0,18652,2500,200.0,499.8,True,True,True,True,passed,True,True,True,2500,canonical_preserved,passed,proteins plus selected ligands retained during system preparation where applicable,author-defined system preparation and release selection,membrane;solvent;ions;ligands intentionally removed during system preparation,1.0
Gi_7TS0,Gi,1,4b7ae256fb22affb2d2cf4f35238734481be9fa41ae193417efa6dc37f5a9523,2fc015472a2f494c097488e9bbff3af22439bb9a5d6323317533b160c029ee49,18747,2500,200.0,499.8,True,True,True,True,passed,True,True,True,2500,canonical_preserved,passed,proteins plus selected ligands retained during system preparation where applicable,author-defined system preparation and release selection,membrane;solvent;ions;ligands intentionally removed during system preparation,1.0
Gi_7TUZ,Gi,1,63f83bb4494647577da4ea49e21e4eff67a4c150209ac885953979d73f79ca2c,60aa233f7cfe3a0e9bd18e35a79c4491e32a40c772461e82a33db07be72c542c,16987,2500,200.0,499.8,True,True,True,True,passed,True,True,True,2500,canonical_preserved,passed,proteins plus selected ligands retained during system preparation where applicable,author-defined system preparation and release selection,membrane;solvent;ions;ligands intentionally removed during system preparation,1.0
Gi_7VDL,Gi,1,5f198d75dcd3b0ed380e0d3043df7d4d96131fe8710a7bd17c193208bb8dc396,aa07dcc1aff6185947ed2c2bd59e4d9e91d54bb29d071a3e9e0b08bbc0086204,15812,2500,200.0,499.8,True,True,True,True,passed,True,True,True,2500,canonical_preserved,passed,proteins plus selected ligands retained during system preparation where applicable,author-defined system preparation and release selection,membrane;solvent;ions;ligands intentionally removed during system preparation,1.0
Gi_7VGZ,Gi,1,6ba41782c1b4c59a442f02569b9acf525a696bacd127ea4cfdb4dc4a9c2eb5c9,af384c6779ed3cda680c8f4cc40f447d0c39f18d2ea48c7817e5d08f8a17fdcf,16627,2500,200.0,499.8,True,True,True,True,passed,True,True,True,2500,canonical_preserved,passed,proteins plus selected ligands retained during system preparation where applicable,author-defined system preparation and release selection,membrane;solvent;ions;ligands intentionally removed during system preparation,1.0
Gi_7VH0,Gi,1,e2f4b18d69fb0c59ced27cd4304dceb98e49f272ec552c2ee94df3ad850ea549,d4bab7ba5a18a5649d4fc1387a8e30f208fb6ece736f288f64cdf53d06b72ff5,16592,2500,200.0,499.8,True,True,True,True,passed,True,True,True,2500,canonical_preserved,passed,proteins plus selected ligands retained during system preparation where applicable,author-defined system preparation and release selection,membrane;solvent;ions;ligands intentionally removed during system preparation,1.0
Gi_7VIF,Gi,1,f9666e2588d399c2b2353b4fd930cd2f531db8cb45f3a9af139e86ed18f4bbd0,28d424d70b0e06ff350c279fda96fcd2f873a8f9a62c765dd3d2bef5b783a31f,16937,2500,200.0,499.8,True,True,True,True,passed,True,True,True,2500,canonical_preserved,passed,proteins plus selected ligands retained during system preparation where applicable,author-defined system preparation and release selection,membrane;solvent;ions;ligands intentionally removed during system preparation,1.0
Gi_7VKT,Gi,1,5498b0448b3ec0d6c5076f777e85e775e821c926033e9273b2b9f65f40a2dd13,ae127611b655439340d5452699143a3e0e04601646d887327a3441d4ba08966f,16453,2500,200.0,499.8,True,True,True,True,passed,True,True,True,2500,canonical_preserved,passed,proteins plus selected ligands retained during system preparation where applicable,author-defined system preparation and release selection,membrane;solvent;ions;ligands intentionally removed during system preparation,1.0
Gi_7VL9,Gi,1,bbfda5d4753e9a8bec3c2162ea29788910aaefdf1d6a37a92c574504b715e888,9584f391742fad97248fc6110416afe91c3971505b75dcc0f9b1e29c7d7369b8,17744,2500,200.0,499.8,True,True,True,True,passed,True,True,True,2500,canonical_preserved,passed,proteins plus selected ligands retained during system preparation where applicable,author-defined system preparation and release selection,membrane;solvent;ions;ligands intentionally removed during system preparation,1.0
Gi_7W0N,Gi,1,5d29a7164a9d41dbc007b97226d35639ee282746aa36c878cb951e9ab5d88960,40e1b82c6cdfcd382755fa286cc71243ef530b375e39791c52f8683a7ef22edd,16807,2500,200.0,499.8,True,True,True,True,passed,True,True,True,2500,canonical_preserved,passed,proteins plus selected ligands retained during system preparation where applicable,author-defined system preparation and release selection,membrane;solvent;ions;ligands intentionally removed during system preparation,1.0
Gi_7W6P,Gi,1,ef4f0182faa15d0965c04ce4794c8dbb03b974f3baba80cf66d08f9ff601cfd9,6c3ef79bd7c9489d0499031de954a2af4889c54aa81039d0d3c885358dd7714b,17940,2500,200.0,499.8,True,True,True,True,passed,True,True,True,2500,canonical_preserved,passed,proteins plus selected ligands retained during system preparation where applicable,author-defined system preparation and release selection,membrane;solvent;ions;ligands intentionally removed during system preparation,1.0
Gi_7WQ3,Gi,1,d2e94a34983fd8734e63fac104fe686e07966295b2c7de9fe1b51ecc45df50dc,cb6779463e7fcd4e8e7d3f6d55a7cebab2495a5d044aca2e7f8713d482ef39c2,17184,2500,200.0,499.8,True,True,True,True,passed,True,True,True,2500,canonical_preserved,passed,proteins plus selected ligands retained during system preparation where applicable,author-defined system preparation and release selection,membrane;solvent;ions;ligands intentionally removed during system preparation,1.0
Gi_7WU9,Gi,1,518a693043d5912cc753816f6cfc9ca9e199ed97429604bd7fc0315375bc5879,c38d5347b30b97716a0b4640ac7e2258fab5ac503c0a0b48986c8727af782d75,16836,2500,200.0,499.8,True,True,True,True,passed,True,True,True,2500,canonical_preserved,passed,proteins plus selected ligands retained during system preparation where applicable,author-defined system preparation and release selection,membrane;solvent;ions;ligands intentionally removed during system preparation,1.0
Gi_7WV9,Gi,1,90f2a872d17cafe9fef8c8ac1355b479ebd44ed5acd52971057369eefd7fca7d,9fdbd1fe2b9648237fa88846e7b9047b0c804b1eb22b0356de221c0bca3b1ff4,16719,2500,200.0,499.8,True,True,True,True,passed,True,True,True,2500,canonical_preserved,passed,proteins plus selected ligands retained during system preparation where applicable,author-defined system preparation and release selection,membrane;solvent;ions;ligands intentionally removed during system preparation,1.0
Gi_7WVU,Gi,1,c6f9e73aebbe575112d99d9aa99fb4801519a5c20891b664e685be94f5db82c7,aa4468b02a6830992d1193c44a17cd9177fc20d46b2343e22626883a33182d74,16587,2500,200.0,499.8,True,True,True,True,passed,True,True,True,2500,canonical_preserved,passed,proteins plus selected ligands retained during system preparation where applicable,author-defined system preparation and release selection,membrane;solvent;ions;ligands intentionally removed during system preparation,1.0
Gi_7WVX,Gi,1,81e634ac2b317ac0b3266bec8174c615771847b68322af938857a1ec93081538,1674a87be9fa955d163a8d06ee4293ed6b7943a2acfa864b9f30a30e2905b8d6,16634,2500,200.0,499.8,True,True,True,True,passed,True,True,True,2500,canonical_preserved,passed,proteins plus selected ligands retained during system preparation where applicable,author-defined system preparation and release selection,membrane;solvent;ions;ligands intentionally removed during system preparation,1.0
Gi_7X5H,Gi,1,3014493244bbd1343e65081cdc210e46b6ebf99800de64a51de6fde7dfe03d6f,e6e9d910659908e298d42dc01dea8d99f4ff93d8d588f42ded8c08107988db07,16501,2500,200.0,499.8,True,True,True,True,passed,True,True,True,2500,canonical_preserved,passed,proteins plus selected ligands retained during system preparation where applicable,author-defined system preparation and release selection,membrane;solvent;ions;ligands intentionally removed during system preparation,1.0
Gi_7X9A,Gi,1,57fdb41328f87bf958d72b787f85740bd58879453e6157674d865e44b989890e,2f6092d501ad303132511cf2726fcef96a6e2a64ad1946928c0875e499f615a5,17367,2500,200.0,499.8,True,True,True,True,passed,True,True,True,2500,canonical_preserved,passed,proteins plus selected ligands retained during system preparation where applicable,author-defined system preparation and release selection,membrane;solvent;ions;ligands intentionally removed during system preparation,1.0
Gi_7X9C,Gi,1,702b61d7ac45f01a3bf8e1e62b2c3dbdd37f5768aceb43cd62671216cef293d2,a5abe2258f93b64a76bbb0701072f519e3849c9d1d3034835be3d031f0c0ed87,17760,2500,200.0,499.8,True,True,True,True,passed,True,True,True,2500,canonical_preserved,passed,proteins plus selected ligands retained during system preparation where applicable,author-defined system preparation and release selection,membrane;solvent;ions;ligands intentionally removed during system preparation,1.0
Gi_7X9Y,Gi,1,83c1b261e370594529ac55db0748f87ece6f6b0ad1b227b1a07232b4ecda965b,f6404fdb932dcaf9e0ff955417819fd9a95d95198bf44cd2b59007c594f63121,16717,2500,200.0,499.8,True,True,True,True,passed,True,True,True,2500,canonical_preserved,passed,proteins plus selected ligands retained during system preparation where applicable,author-defined system preparation and release selection,membrane;solvent;ions;ligands intentionally removed during system preparation,1.0
Gi_7XA3,Gi,1,d386d688361eb97bdf11dadf8737159d151887671e819a14a75fb70025151c75,e666afa3363e98437613a7f6ec6b8af262d2c397b9d951ec835aa2fd726116c7,18176,2500,200.0,499.8,True,True,True,True,passed,True,True,True,2500,canonical_preserved,passed,proteins plus selected ligands retained during system preparation where applicable,author-defined system preparation and release selection,membrane;solvent;ions;ligands intentionally removed during system preparation,1.0
Gi_7XBX,Gi,1,0c09abbd0e15f707cd21e0ffd85727e050163f60b575710bca37cb10c7220775,84e016fd4afa8f1a9971297a1ded6b888321de35b46e5c2c321a1dcea0d9d14e,15493,2500,200.0,499.8,True,True,True,True,passed,True,True,True,2500,canonical_preserved,passed,proteins plus selected ligands retained during system preparation where applicable,author-defined system preparation and release selection,membrane;solvent;ions;ligands intentionally removed during system preparation,1.0
Gi_7XK2,Gi,1,7f8d5a960eb40ddecb451589ff305801093171456b7e5c29e4b3547dccf52094,d383872bcc8f5ca2661d4e3ac45a56328d235152858982883d095e2e0a5e1438,17076,2500,200.0,499.8,True,True,True,True,passed,True,True,True,2500,canonical_preserved,passed,proteins plus selected ligands retained during system preparation where applicable,author-defined system preparation and release selection,membrane;solvent;ions;ligands intentionally removed during system preparation,1.0
Gi_7XK8,Gi,1,b693b3586e320e5f9bffe3fcffa5c6a51c511f773f6b64969cedbd769ed7222f,99a46c27fb72ffb3bdc20a040d6a9010fd9f2d873a11b062e2f2478457a2c21d,17870,2500,200.0,499.8,True,True,True,True,passed,True,True,True,2500,canonical_preserved,passed,proteins plus selected ligands retained during system preparation where applicable,author-defined system preparation and release selection,membrane;solvent;ions;ligands intentionally removed during system preparation,1.0
Gi_7XMS,Gi,1,8b2c5b04403fe4101e469457c33d6a54628f3468cdb67dbea73a24f606116c90,589415b4d3f8a865ca6f7848e8aa84726dbc2483379b46c39dfda769179dfff7,15865,2500,200.0,499.8,True,True,True,True,passed,True,True,True,2500,canonical_preserved,passed,proteins plus selected ligands retained during system preparation where applicable,author-defined system preparation and release selection,membrane;solvent;ions;ligands intentionally removed during system preparation,1.0
Gi_7XTA,Gi,1,cf0923383bef0c08bf207bf08759abc7337ba933f66207a189d0447210fb3712,001f85445e159bcfce71aa5548359e30011c20320bf92616ff427a706c9222a5,16845,2500,200.0,499.8,True,True,True,True,passed,True,True,True,2500,canonical_preserved,passed,proteins plus selected ligands retained during system preparation where applicable,author-defined system preparation and release selection,membrane;solvent;ions;ligands intentionally removed during system preparation,1.0
Gi_7XXI,Gi,1,93e56b6901eb3500a5c7986a23f0b4070db80b3c42e767d824a0a2b538764b69,5b5144c1bbc811e5871787360ff4f5f6ff330e1c5e53386a93b7a997e800f009,17054,2500,200.0,499.8,True,True,True,True,passed,True,True,True,2500,canonical_preserved,passed,proteins plus selected ligands retained during system preparation where applicable,author-defined system preparation and release selection,membrane;solvent;ions;ligands intentionally removed during system preparation,1.0
Gi_7Y12,Gi,1,b4548b23a02f50ab2539509c0dc817529bcdbd3888576b5c8583f5f9a5c64b7e,1397f199ef81c2200bfdc64688b4d21a0492cd2d277beb79fcaa5f2d99b7d7e1,15954,2500,200.0,499.8,True,True,True,True,passed,True,True,True,2500,canonical_preserved,passed,proteins plus selected ligands retained during system preparation where applicable,author-defined system preparation and release selection,membrane;solvent;ions;ligands intentionally removed during system preparation,1.0
Gi_7Y89,Gi,1,0936cdf16ed1df572c3f952eddf36b264d6e8599c3854bdcc4ded646bffc85f5,8cb72515bf76b5d94180db43affc6a82b641d25002f6a76429bf4a8ec8c28676,16018,2500,200.0,499.8,True,True,True,True,passed,True,True,True,2500,canonical_preserved,passed,proteins plus selected ligands retained during system preparation where applicable,author-defined system preparation and release selection,membrane;solvent;ions;ligands intentionally removed during system preparation,1.0
Gi_7YK6,Gi,1,6c2956517a4d8aa8bb88dff911b248f9a429734246711bb81e61e934ae64e89c,e2164232446bb639025b3670db9a05afff7db731622ad7d65f99d8c1efcec7cb,16264,2500,200.0,499.8,True,True,True,True,passed,True,True,True,2500,trimmed_to_2500,passed,proteins plus selected ligands retained during system preparation where applicable,author-defined system preparation and release selection,membrane;solvent;ions;ligands intentionally removed during system preparation,1.0
Gi_7YK7,Gi,1,60a51439c6c153bcdf95dabf813b57ed2c33e976fb82bdb3a335e03bd29a7b8f,7c74db99f010ca4b81dd2755a675670f62a7f90a4b6f2db9468cba5d961c9f8b,16223,2500,200.0,499.8,True,True,True,True,passed,True,True,True,2500,canonical_preserved,passed,proteins plus selected ligands retained during system preparation where applicable,author-defined system preparation and release selection,membrane;solvent;ions;ligands intentionally removed during system preparation,1.0
Gi_7YKD,Gi,1,7c2ee54423d05a7e29cc6653c5eba4892ae0c8f5d09b3a0348d23aebb0fe9915,cb4f77af9964cc4bff2a6ce6ff9ec261780db1638d41a6899448449cc664a477,16552,2500,200.0,499.8,True,True,True,True,passed,True,True,True,2500,canonical_preserved,passed,proteins plus selected ligands retained during system preparation where applicable,author-defined system preparation and release selection,membrane;solvent;ions;ligands intentionally removed during system preparation,1.0
Gi_7YON,Gi,1,0b70c9792c9b585f0b0fc6ac00e3ed3b795681803c12f4cdfbf6989c53d4b5c4,ad7273fd703c75481f069707573134f86dd21c48e3e1e98d4e335c4584e4b5ca,17309,2500,200.0,499.8,True,True,True,True,passed,True,True,True,2500,canonical_preserved,passed,proteins plus selected ligands retained during system preparation where applicable,author-defined system preparation and release selection,membrane;solvent;ions;ligands intentionally removed during system preparation,1.0
Gi_7YU8,Gi,1,8f6a25cf229bef9b0f7059a7b954b7f59936b8dd22ac96ff7f17b1dc7d9d6379,3985b66faae0e9582c4b84fdc31645e2fee1c40795bc47941468869ace560ec2,16501,2500,200.0,499.8,True,True,True,True,passed,True,True,True,2500,canonical_preserved,passed,proteins plus selected ligands retained during system preparation where applicable,author-defined system preparation and release selection,membrane;solvent;ions;ligands intentionally removed during system preparation,1.0
Gi_8DZQ,Gi,1,ece9ef0cdb22c67fc00261f93646ae4425c53a89b7027a609e9264ac30ed9234,b0ec582f6defed1a67c8963135e9b61cf8046319941b3606e70e765b15b32e13,16484,2500,200.0,499.8,True,True,True,True,passed,True,True,True,2500,canonical_preserved,passed,proteins plus selected ligands retained during system preparation where applicable,author-defined system preparation and release selection,membrane;solvent;ions;ligands intentionally removed during system preparation,1.0
Gi_8EFO,Gi,1,b761b2290250c2136e96a734440af8b13023c4ded407d2bc9fdf150b0fa15a70,1f11c58053130476ab73a2cf971c510ddc7c9d1cf40177a4e565b69b3b68d92f,16346,2500,200.0,499.8,True,True,True,True,passed,True,True,True,2500,canonical_preserved,passed,proteins plus selected ligands retained during system preparation where applicable,author-defined system preparation and release selection,membrane;solvent;ions;ligands intentionally removed during system preparation,1.0
Gi_8F7S,Gi,1,a352ee6e682db43d46a821266261a703a18f31de2c9a28169507be2501a8ffd7,be8f24e4fa8b109bf63d3f4267f00ff52e7b2ecd6ec497fa91e3da1fb3004b07,16673,2500,200.0,499.8,True,True,True,True,passed,True,True,True,2500,canonical_preserved,passed,proteins plus selected ligands retained during system preparation where applicable,author-defined system preparation and release selection,membrane;solvent;ions;ligands intentionally removed during system preparation,1.0
Gi_8HK2,Gi,1,c0b98750ee6d9631e026a91fa8bb7bb6f6a4a84d3da55a223c33a59dffc95c07,9bc674fd61afbea4541bae2bda9813a446807a8b69fec87ddcd2cfe66e0e1fa3,19863,2500,200.0,499.8,True,True,True,True,passed,True,True,True,2500,canonical_preserved,passed,proteins plus selected ligands retained during system preparation where applicable,author-defined system preparation and release selection,membrane;solvent;ions;ligands intentionally removed during system preparation,1.0
Gi_8HK5,Gi,1,0b752cebc55792786b810f6ee5ddeee8b33a94377a1dc7d10c9e353709f1eebc,1754cd9a72398c8ef97a48d5270cbabc794431073855343e3c177dc711278f36,17311,2500,200.0,499.8,True,True,True,True,passed,True,True,True,2500,canonical_preserved,passed,proteins plus selected ligands retained during system preparation where applicable,author-defined system preparation and release selection,membrane;solvent;ions;ligands intentionally removed during system preparation,1.0
Gi_8HQM,Gi,1,ea0e81fb440feb3002ea51b2e3d5b9d2ce867b46a5d62adb2e075af032a1a88e,8a4c366627ed9afd02f403f333d42fe9135590baca3bfd880672f93cfb006062,15955,2500,200.0,499.8,True,True,True,True,passed,True,True,True,2500,canonical_preserved,passed,proteins plus selected ligands retained during system preparation where applicable,author-defined system preparation and release selection,membrane;solvent;ions;ligands intentionally removed during system preparation,1.0
Gi_8HS3,Gi,1,0d002a74da3ebaeeccbbcd146f0e8d679840a1673f043763715cbdccb2e7e46e,2d4c8d3143ef87dd9910506ce6b117955a9fa611fc67224a216529574ce8fd79,16057,2500,200.0,499.8,True,True,True,True,passed,True,True,True,2500,canonical_preserved,passed,proteins plus selected ligands retained during system preparation where applicable,author-defined system preparation and release selection,membrane;solvent;ions;ligands intentionally removed during system preparation,1.0
Gi_8IC0,Gi,1,c9574ace6710cdadb9c1e6b0fdb046912ef959d609a3a35d6e53fb87ff46c921,12e77cd479f55c769474ebeea66a0b777c2ec67a32a5264773ecd3b1603b4c11,17737,2500,200.0,499.8,True,True,True,True,passed,True,True,True,2500,canonical_preserved,passed,proteins plus selected ligands retained during system preparation where applicable,author-defined system preparation and release selection,membrane;solvent;ions;ligands intentionally removed during system preparation,1.0
Gi_8ID9,Gi,1,10d8b2e5b00fab968e8f5e0e2a226e4166423ca62fc6256dc9384b21bb7e60b2,4f75c2ec7ae3b6dcc33ae2581fdb38a28b7eb33b6b629665f42254649d63b43c,17016,2500,200.0,499.8,True,True,True,True,passed,True,True,True,2500,canonical_preserved,passed,proteins plus selected ligands retained during system preparation where applicable,author-defined system preparation and release selection,membrane;solvent;ions;ligands intentionally removed during system preparation,1.0
Gi_8IHJ,Gi,1,0e4cf33bb04ec1165ed524e16c60f21997780fb5d211b740c39e2c2962f4526a,307f6d70799f6156ebf897e1bc1cd1ae43fd7e1e013034028f47dfa7a9986c05,16894,2500,200.0,499.8,True,True,True,True,passed,True,True,True,2500,canonical_preserved,passed,proteins plus selected ligands retained during system preparation where applicable,author-defined system preparation and release selection,membrane;solvent;ions;ligands intentionally removed during system preparation,1.0
Gi_8IRU,Gi,1,d60baf66a29e50d46dcf2033a967871d6deac01e6568980605ccd5a5f71ad328,58b2522e07896179f03241e09ae9828da437a219f04771b04dea7e555a76e31e,17583,2500,200.0,499.8,True,True,True,True,passed,True,True,True,2500,canonical_preserved,passed,proteins plus selected ligands retained during system preparation where applicable,author-defined system preparation and release selection,membrane;solvent;ions;ligands intentionally removed during system preparation,1.0
Gi_8IU2,Gi,1,9d17890d9bf0b3106c4fed434b015dcba4c43bbe99b3c225907ba7654171be23,42eed3ce6d8ebf2432dfff87212ca874a25380263919e56834c77e2697eb56ce,16868,2500,200.0,499.8,True,True,True,True,passed,True,True,True,2500,canonical_preserved,passed,proteins plus selected ligands retained during system preparation where applicable,author-defined system preparation and release selection,membrane;solvent;ions;ligands intentionally removed during system preparation,1.0
Gi_8IY5,Gi,1,25703ac429ddaff84956b90b19e5c420c9dfcf80a7b2d3640199528991a743c4,1c339369e1a33aa625111320a3ea0f4f0db60b29de98743b79e95091499e338b,17046,2500,200.0,499.8,True,True,True,True,passed,True,True,True,2500,canonical_preserved,passed,proteins plus selected ligands retained during system preparation where applicable,author-defined system preparation and release selection,membrane;solvent;ions;ligands intentionally removed during system preparation,1.0
Gi_8J18,Gi,1,908c4c2c3140b65f3cb8f220cabf4e72d6428b99601a31ef648318fb91c3ef1b,e8397f57a589c3a5281bb7acf3be93957b72f44bb0db9544fe6e45c381b3437a,17791,2500,200.0,499.8,True,True,True,True,passed,True,True,True,2500,rebuilt_from_replica_1,passed,proteins plus selected ligands retained during system preparation where applicable,author-defined system preparation and release selection,membrane;solvent;ions;ligands intentionally removed during system preparation,1.0
Gi_8J21,Gi,1,d7203666c460a009efa2ebdfafb9ba48a4f2a0bc077151800c736222fd4cdacb,bd3223f4ef8909417abaf5e6b04b8d7a0417acbd83db2e4b118305d3f5ccaeea,16550,2500,200.0,499.8,True,True,True,True,passed,True,True,True,2500,canonical_preserved,passed,proteins plus selected ligands retained during system preparation where applicable,author-defined system preparation and release selection,membrane;solvent;ions;ligands intentionally removed during system preparation,1.0
Gi_8J6D,Gi,1,fa62883245b59a38417fcb39b76e067ddda7ff021ccb2d46fb64edf84088513d,af57c4222a58f0c7296bddc3125923b64d84225691c2e49b0d2fd8c7de50c9e9,18936,2500,200.0,499.8,True,True,True,True,passed,True,True,True,2500,canonical_preserved,passed,proteins plus selected ligands retained during system preparation where applicable,author-defined system preparation and release selection,membrane;solvent;ions;ligands intentionally removed during system preparation,1.0
Gi_8JZZ,Gi,1,6b7e3f635756cc77e5cde919d7ba1c9bf0af59bafcf0c651927c4cdfa9c5ff60,b0b7473053a0f857ffd302e3a5be86b8111471f44edb110754e77705726be806,16344,2500,200.0,499.8,True,True,True,True,passed,True,True,True,2500,canonical_preserved,passed,proteins plus selected ligands retained during system preparation where applicable,author-defined system preparation and release selection,membrane;solvent;ions;ligands intentionally removed during system preparation,1.0
Gi_8K3Z,Gi,1,df7c8d9dfb5b2298a037847b971fe5bc3f26dc5c665fa4715c6de352f446031f,a33647e0b0ff09eec291d644864e95b8d384955a8c5a9b4b1175992259d64eb9,17541,2500,200.0,499.8,True,True,True,True,passed,True,True,True,2500,canonical_preserved,passed,proteins plus selected ligands retained during system preparation where applicable,author-defined system preparation and release selection,membrane;solvent;ions;ligands intentionally removed during system preparation,1.0
Gi_8K6O,Gi,1,f4d0ad28dbbc77ae370ec9c82287d7b16d01d85cb6f2a392927a71f58b2d6c34,1db117d531fd94bec0f803eaf0915d2286b0cc5acec6ee70397df95460f6fce3,17568,2500,200.0,499.8,True,True,True,True,passed,True,True,True,2500,canonical_preserved,passed,proteins plus selected ligands retained during system preparation where applicable,author-defined system preparation and release selection,membrane;solvent;ions;ligands intentionally removed during system preparation,1.0
Gi_8KFX,Gi,1,0c70a0e9436b629a83a54ac4c97cc98721ac53415378b89fa88861ae2323ec65,6bc74dab7d6ac72f0129a7621e38209a0552118baa7f5af0071a5d554db02c5b,16749,2500,200.0,499.8,True,True,True,True,passed,True,True,True,2500,canonical_preserved,passed,proteins plus selected ligands retained during system preparation where applicable,author-defined system preparation and release selection,membrane;solvent;ions;ligands intentionally removed during system preparation,1.0
Gi_8PJK,Gi,1,f5bc1b7b30432d60ce5356a0ed8aca3d701473f07b1ae540547150577b1592ea,74430445842b08cb61ed94f548aee9728105c39de9fb9a931a81500c130b7140,17686,2500,200.0,499.8,True,True,True,True,passed,True,True,True,2500,canonical_preserved,passed,proteins plus selected ligands retained during system preparation where applicable,author-defined system preparation and release selection,membrane;solvent;ions;ligands intentionally removed during system preparation,1.0
Gi_8UGY,Gi,1,1c0d678c26e65c35015829921fcc174ae9b6627f273717bdfebb914379459083,0ff74485e781ee10b8b75e07981cfa78b6ee29842f8c2a0bd29cf151474628c6,17051,2500,200.0,499.8,True,True,True,True,passed,True,True,True,2500,canonical_preserved,passed,proteins plus selected ligands retained during system preparation where applicable,author-defined system preparation and release selection,membrane;solvent;ions;ligands intentionally removed during system preparation,1.0
Gi_8WWH,Gi,1,f8cb22d11ae675855cb07aef4281e4890aa63bbab4c9c435ca7f73577c964ac4,a00e67ffe36caf7d7a6c488bc2183187f2e4ea051610aa27798ef06038b61179,16647,2500,200.0,499.8,True,True,True,True,passed,True,True,True,2500,canonical_preserved,passed,proteins plus selected ligands retained during system preparation where applicable,author-defined system preparation and release selection,membrane;solvent;ions;ligands intentionally removed during system preparation,1.0
Gi_8X8L,Gi,1,01c2a5cb511f3cb28f07234a0352f869e302c54a704d9839d666a2d237215e2f,a3f06c2c2ed9cd84b2ce5dbdd178da98b9163f746d57e13f1aa9491ffe26c753,16482,2500,200.0,499.8,True,True,True,True,passed,True,True,True,2500,canonical_preserved,passed,proteins plus selected ligands retained during system preparation where applicable,author-defined system preparation and release selection,membrane;solvent;ions;ligands intentionally removed during system preparation,1.0
Gi_8XGM,Gi,1,b4b12e31555ab434aa6e6aac11849d72ed7b78b70ead0478047b7a4bf61e176f,ce9ea7ec7014efacc56294e7877cad05239a31ad3ad2cd2836ea9d894a97ebf6,18976,2500,200.0,499.8,True,True,True,True,passed,True,True,True,2500,canonical_preserved,passed,proteins plus selected ligands retained during system preparation where applicable,author-defined system preparation and release selection,membrane;solvent;ions;ligands intentionally removed during system preparation,1.0
Gi_8XIP,Gi,1,60cc1503058fcc6a19960ba6b36cf95ca7abd7276a88837c18314cb09f34fdf3,e0a7d27065ff3339c90a074fd7d309cbee04477f302cf49fd8744769e939f1b0,15941,2500,200.0,499.8,True,True,True,True,passed,True,True,True,2500,canonical_preserved,passed,proteins plus selected ligands retained during system preparation where applicable,author-defined system preparation and release selection,membrane;solvent;ions;ligands intentionally removed during system preparation,1.0
Gi_8XIQ,Gi,1,188b2ac50e609d6a1b4680a897c09781126da297240de5f9da0340abcdd40883,0f26cc2bdd73c84b3b8428b2ebe0111818fba2794a26ed2ab74d2aeddf035bf7,16440,2500,200.0,499.8,True,True,True,True,passed,True,True,True,2500,canonical_preserved,passed,proteins plus selected ligands retained during system preparation where applicable,author-defined system preparation and release selection,membrane;solvent;ions;ligands intentionally removed during system preparation,1.0
Gi_8XXU,Gi,1,27c777bc0a9e5721a2f8c63774d605a227deb4be7718a2d64836ef24b1f8b3c1,1380f424fd4e3d3844f131f4e6fa09d1e9cdc2f74fef8cecde68daa174f9120c,16726,2500,200.0,499.8,True,True,True,True,passed,True,True,True,2500,canonical_preserved,passed,proteins plus selected ligands retained during system preparation where applicable,author-defined system preparation and release selection,membrane;solvent;ions;ligands intentionally removed during system preparation,1.0
Gi_8XYD,Gi,1,20856d5336ac0ee59f9e54131d1d9e0bddff65a5f2cc350511a2383f2220853a,7a38c9c0352b0b16f09ea3ec93a48c3bab3f79aaf4eef8012ea105dcc36fd74a,16979,2500,200.0,499.8,True,True,True,True,passed,True,True,True,2500,canonical_preserved,passed,proteins plus selected ligands retained during system preparation where applicable,author-defined system preparation and release selection,membrane;solvent;ions;ligands intentionally removed during system preparation,1.0
Gi_8XZI,Gi,1,5503911d88b8ad7cacc56b959f85de0ab56f9a36d2398d2368961023ef4d7d23,d294202b7e1fe67f128813e8cf8ccc8a8664b1eaa5fef6d6fbedfe05ce77af42,16729,2500,200.0,499.8,True,True,True,True,passed,True,True,True,2500,canonical_preserved,passed,proteins plus selected ligands retained during system preparation where applicable,author-defined system preparation and release selection,membrane;solvent;ions;ligands intentionally removed during system preparation,1.0
Gi_8YIC,Gi,1,08e7c4f62d5e9679896763691c48917ff507dfb1a6eac62e464e8914e184b2e8,a12749abac17d7f45ba138ccb63af69ae7e78cf9789d01d6e4b82b2007383028,17007,2500,200.0,499.8,True,True,True,True,passed,True,True,True,2500,trimmed_to_2500,passed,proteins plus selected ligands retained during system preparation where applicable,author-defined system preparation and release selection,membrane;solvent;ions;ligands intentionally removed during system preparation,1.0
Gi_8YNA,Gi,1,731a41ef686b130ae6ed1739e88fe88755e4f5692dcdafa3e5832559e878afc6,133c5304c23176355aeb2c88bb181f6ed416bcdb2f768542fd47191fcae6fc3e,17611,2500,200.0,499.8,True,True,True,True,passed,True,True,True,2500,canonical_preserved,passed,proteins plus selected ligands retained during system preparation where applicable,author-defined system preparation and release selection,membrane;solvent;ions;ligands intentionally removed during system preparation,1.0
Gi_8ZQE,Gi,1,306a3a678ecd8a4cb173a4593903abb3de6cc985921267160fd34abac2256fa2,0557b0849d6f05d362d6d436059d98f9b6f586934946a748fa836a887da01f15,17155,2500,200.0,499.8,True,True,True,True,passed,True,True,True,2500,canonical_preserved,passed,proteins plus selected ligands retained during system preparation where applicable,author-defined system preparation and release selection,membrane;solvent;ions;ligands intentionally removed during system preparation,1.0
Gi_9AST,Gi,1,7164f97fd8bce9f85a2083ec1c8c10329068f435448adabe34eb9c42af138e5a,55940b21994bd87b9d0ddd3804b215b71bf94ec7c9ea5f88a123bbd39c549ebe,16741,2500,200.0,499.8,True,True,True,True,passed,True,True,True,2500,canonical_preserved,passed,proteins plus selected ligands retained during system preparation where applicable,author-defined system preparation and release selection,membrane;solvent;ions;ligands intentionally removed during system preparation,1.0
Gi_9IIX,Gi,1,497c5988c4478d2d0e76c325440d5327e0c8c696d2239adbbbb09feac7555e84,f14cacbfc288c8a42c7c71b251ec1df86a1c79e7f25e80b0cb0ee91a80d358e7,14937,2500,200.0,499.8,True,True,True,True,passed,True,True,True,2500,canonical_preserved,passed,proteins plus selected ligands retained during system preparation where applicable,author-defined system preparation and release selection,membrane;solvent;ions;ligands intentionally removed during system preparation,1.0
Gi_9J5V,Gi,1,122074791dc5eedc7cb74647b26eeed0c26a5f19a023fa4514ba8b5334527f10,10bd7cba735d3626d7654da45532462f7c13b5364b77faae9ed333f89b755c3e,16493,2500,200.0,499.8,True,True,True,True,passed,True,True,True,2500,canonical_preserved,passed,proteins plus selected ligands retained during system preparation where applicable,author-defined system preparation and release selection,membrane;solvent;ions;ligands intentionally removed during system preparation,1.0
Gq_6OIJ,Gq,1,acf230afcf81da23272e452cd8814e6aa1a90653c94797eb323574d097d40fb1,4c41d3f9261c040843be43915b3c79e605c2651810b294d5fc5ff6b51b4bc1de,18815,2500,200.0,499.8,True,True,True,True,passed,True,True,True,2500,canonical_preserved,passed,proteins plus selected ligands retained during system preparation where applicable,author-defined system preparation and release selection,membrane;solvent;ions;ligands intentionally removed during system preparation,1.0
Gq_7DFL,Gq,1,eb260d26f445751e6d08c52704cd9274124608987570596e942c6da5966142d4,239ab2b5555e6acdfc5a3465f850a01b18b0b6801ff98ca8448eaaee373e2d75,19368,2500,200.0,499.8,True,True,True,True,passed,True,True,True,2500,canonical_preserved,passed,proteins plus selected ligands retained during system preparation where applicable,author-defined system preparation and release selection,membrane;solvent;ions;ligands intentionally removed during system preparation,1.0
Gq_7EIB,Gq,1,2d487668427465a82e4c2e0042588ee0d3802c5c5688671a2a3a07dec82c6029,54b0530be2f247af4b4066f867635a30f0121b98166be3336ce406743fc02ef6,14976,2500,200.0,499.8,True,True,True,True,passed,True,True,True,2500,canonical_preserved,passed,proteins plus selected ligands retained during system preparation where applicable,author-defined system preparation and release selection,membrane;solvent;ions;ligands intentionally removed during system preparation,1.0
Gq_7EZM,Gq,1,c101148583d803471bf88a58535238b8d8604adc9efc1095897c1206fbbebcea,3a6d61733af6c2b90978e6e484b282fdd36f89006533087fc0dbd8a66c918d95,17617,2500,200.0,499.8,True,True,True,True,passed,True,True,True,2500,canonical_preserved,passed,proteins plus selected ligands retained during system preparation where applicable,author-defined system preparation and release selection,membrane;solvent;ions;ligands intentionally removed during system preparation,1.0
Gq_7F2O,Gq,1,ac72c515133af79f1d2d5a999ebf4a5ce980a8b23c6671e683eb0b4aa45b345f,e9d861ee01dbe68bf8e1c014c2e4fdb0f23cdd4ad06a9a8856e3eaba66eea4fa,14729,2500,200.0,499.8,True,True,True,True,passed,True,True,True,2500,canonical_preserved,passed,proteins plus selected ligands retained during system preparation where applicable,author-defined system preparation and release selection,membrane;solvent;ions;ligands intentionally removed during system preparation,1.0
Gq_7F6G,Gq,1,4196beaffb4eb2455047b58e223866aa4c5e97189c0731db43380eed1cc9dbc3,5b1bb6e64591386e9bcc2b840d56c95f99877d4f28d354e5e6c633c5d203fd76,17527,2500,200.0,499.8,True,True,True,True,passed,True,True,True,2500,canonical_preserved,passed,proteins plus selected ligands retained during system preparation where applicable,author-defined system preparation and release selection,membrane;solvent;ions;ligands intentionally removed during system preparation,1.0
Gq_7F8W,Gq,1,cf7fdf8d1bd87aa57742deccbc9f65451a07496fb4f674fb96867e4ad1fd15c9,f6d7afeaf18fd9b407ebc0999e9e242af1743d856dc19d2194af3dc06f96deb7,17148,2500,200.0,499.8,True,True,True,True,passed,True,True,True,2500,canonical_preserved,passed,proteins plus selected ligands retained during system preparation where applicable,author-defined system preparation and release selection,membrane;solvent;ions;ligands intentionally removed during system preparation,1.0
Gq_7P00,Gq,1,35b1ff3934052dcb80cfe151510d500a30cda50e3fff3b5cd658ec29e0a0b7d6,6233ec9368c47fc0e1e4a88ee1b4e0b59002235ce478c519f470f2a1d578e979,14727,2500,200.0,499.8,True,True,True,True,passed,True,True,True,2500,canonical_preserved,passed,proteins plus selected ligands retained during system preparation where applicable,author-defined system preparation and release selection,membrane;solvent;ions;ligands intentionally removed during system preparation,1.0
Gq_7RAN,Gq,1,0b3c5b67e2799a042de55391917da910bbb7267360c61e97a7a51a0f1017a7d0,c341a3eb55637e93399b7f025d673e855415ad36d5cf5fb3af8d2359f2dd3b47,14919,2500,200.0,499.8,True,True,True,True,passed,True,True,True,2500,rebuilt_from_replica_1,passed,proteins plus selected ligands retained during system preparation where applicable,author-defined system preparation and release selection,membrane;solvent;ions;ligands intentionally removed during system preparation,1.0
Gq_7S8L,Gq,1,946dc9a2126b64f7f827b6367c0984e0248bb657ec05fc893a2ab5cab7965800,29039d6309aae947006252b3acc62f3f76b638ee315264f8d8823441f238e134,13855,2500,200.0,499.8,True,True,True,True,passed,True,True,True,2500,canonical_preserved,passed,proteins plus selected ligands retained during system preparation where applicable,author-defined system preparation and release selection,membrane;solvent;ions;ligands intentionally removed during system preparation,1.0
Gq_7S8P,Gq,1,57f8a2740f65efbc82de014dee5caffd60a547a00876c7492225b258398009e3,df9e5729eef73e0f823b9c38185196adf80434393475aa9314e0c424e38a3870,16321,2500,200.0,499.8,True,True,True,True,passed,True,True,True,2500,canonical_preserved,passed,proteins plus selected ligands retained during system preparation where applicable,author-defined system preparation and release selection,membrane;solvent;ions;ligands intentionally removed during system preparation,1.0
Gq_7SR8,Gq,1,9affcdd9fdd682ff0b920bb81de0723ffa5dcce06d65632cbe447ecdf93e6fa0,207b0691bf45e9181898ce3a92d284f3f662d10aebc225b7d0c25879bf213755,15244,2500,200.0,499.8,True,True,True,True,passed,True,True,True,2500,canonical_preserved,passed,proteins plus selected ligands retained during system preparation where applicable,author-defined system preparation and release selection,membrane;solvent;ions;ligands intentionally removed during system preparation,1.0
Gq_7SRR,Gq,1,7c4ddb0b46885247ed05997edce145b61710053ec44a73a4436cab35a59f2082,d0f448e11c3568b3a726048b0c686a8eba09a6d935bcad7d7589a53f24e68068,15214,2500,200.0,499.8,True,True,True,True,passed,True,True,True,2500,canonical_preserved,passed,proteins plus selected ligands retained during system preparation where applicable,author-defined system preparation and release selection,membrane;solvent;ions;ligands intentionally removed during system preparation,1.0
Gq_7TRY,Gq,1,b21fb8f2c56b886afda1ef9a54658a356a71c142d09de2eae61a2956f46f6def,56883b9f52c994f35d5b2332f38af0beb6e21d8a1a4eb74534adfd747c1b8add,18110,2500,200.0,499.8,True,True,True,True,passed,True,True,True,2500,canonical_preserved,passed,proteins plus selected ligands retained during system preparation where applicable,author-defined system preparation and release selection,membrane;solvent;ions;ligands intentionally removed during system preparation,1.0
Gq_7W3Z,Gq,1,4e58098564fa6e16b1231006ee4404680be72a7da73c43af65cda3649bf49461,74d1a852bf788aaa99582fbbb1306e7774b6f3bc8e8bdbc6f1ff48a9f3c1320e,16840,2500,200.0,499.8,True,True,True,True,passed,True,True,True,2500,canonical_preserved,passed,proteins plus selected ligands retained during system preparation where applicable,author-defined system preparation and release selection,membrane;solvent;ions;ligands intentionally removed during system preparation,1.0
Gq_7W53,Gq,1,e42d4ed1bcd0c7e61c7bbeeaf62f9eb309fa1d51d88ac3ba771e9cdfbc4d8364,c600bd694f52094e80cbacd0643b1cda8c51462aa3d649be0e37de6cf7a0d955,14536,2500,200.0,499.8,True,True,True,True,passed,True,True,True,2500,canonical_preserved,passed,proteins plus selected ligands retained during system preparation where applicable,author-defined system preparation and release selection,membrane;solvent;ions;ligands intentionally removed during system preparation,1.0
Gq_7W55,Gq,1,dd697f186ff7c4d73dc1d9b93769f1f7c859bf70bd04f50f18c662f1f5aa6256,c8a6edd918ab8ac493b0275c1a9b9821f35c48b5584494cfee3fb077246edcc3,14994,2500,200.0,499.8,True,True,True,True,passed,True,True,True,2500,canonical_preserved,passed,proteins plus selected ligands retained during system preparation where applicable,author-defined system preparation and release selection,membrane;solvent;ions;ligands intentionally removed during system preparation,1.0
Gq_7XW9,Gq,1,20658f0b42bc997a758909f4b11393afa9bd99b3689a922630f6a668c4cf995a,022f9dc48b8325a428cb9b4e27ecd1465f4ae2573ead9402c3a70a3f1542538f,15057,2500,200.0,499.8,True,True,True,True,passed,True,True,True,2500,canonical_preserved,passed,proteins plus selected ligands retained during system preparation where applicable,author-defined system preparation and release selection,membrane;solvent;ions;ligands intentionally removed during system preparation,1.0
Gq_7XWO,Gq,1,b38eeabfc88d1e7f6eb79e478fd406ee29691449930bd4167f76d06d049c7a0e,ee410cf83bb278fba4c65b8a0e0a83422e679a854910ea26c0c87ff33718a117,14536,2500,200.0,499.8,True,True,True,True,passed,True,True,True,2500,canonical_preserved,passed,proteins plus selected ligands retained during system preparation where applicable,author-defined system preparation and release selection,membrane;solvent;ions;ligands intentionally removed during system preparation,1.0
Gq_7XXH,Gq,1,fde5c98f5e26b28b3918f6372ee4575825065ec550b1e8d8941fcca41a532988,638f19daac0d86347d34da26512f43cb838e7ebe2bcc4a6c9b70eab0fede07c2,17095,2500,200.0,499.8,True,True,True,True,passed,True,True,True,2500,canonical_preserved,passed,proteins plus selected ligands retained during system preparation where applicable,author-defined system preparation and release selection,membrane;solvent;ions;ligands intentionally removed during system preparation,1.0
Gq_7Y26,Gq,1,41b1ff0c2765e314e53085f8a99715d468a7816dd114a11f1447c1c91f34d20a,a124812c0d01278b535d1850dd3254edbddb0f9bbd42b149d6e733f2c86ca69e,16786,2500,200.0,499.8,True,True,True,True,passed,True,True,True,2500,canonical_preserved,passed,proteins plus selected ligands retained during system preparation where applicable,author-defined system preparation and release selection,membrane;solvent;ions;ligands intentionally removed during system preparation,1.0
Gq_7YDM,Gq,1,65913da40321df6c0671489e155a5fdbce904b74b125e11da4151adf61d88303,1ec71d562ef45970c8bf9c28d1cf2132b9a9270a37b426a3a8ab387056eb2a2d,14388,2500,200.0,499.8,True,True,True,True,passed,True,True,True,2500,canonical_preserved,passed,proteins plus selected ligands retained during system preparation where applicable,author-defined system preparation and release selection,membrane;solvent;ions;ligands intentionally removed during system preparation,1.0
Gq_8DWC,Gq,1,03eb20293f63166fda195af9ea3976a43e7e10ae271af0193ad926d54a41705a,404599f9a52ba6a2f26b136399364281ae852ef0a51f6ee7ae5072b6360f3b22,13944,2500,200.0,499.8,True,True,True,True,passed,True,True,True,2500,canonical_preserved,passed,proteins plus selected ligands retained during system preparation where applicable,author-defined system preparation and release selection,membrane;solvent;ions;ligands intentionally removed during system preparation,1.0
Gq_8E9W,Gq,1,e6d7f4682f9c1848909cc23d4f18416504c3d83e77b0ed02a814f8f8d9a1bac4,e67795eadf63c5df4cb172092f96d73f6105cecdec2854a87419b9ab0f017f54,17591,2500,200.0,499.8,True,True,True,True,passed,True,True,True,2500,canonical_preserved,passed,proteins plus selected ligands retained during system preparation where applicable,author-defined system preparation and release selection,membrane;solvent;ions;ligands intentionally removed during system preparation,1.0
Gq_8EJC,Gq,1,712d7d8138005e3b0ff17d7b7021b1234ea2ed6d433cf0cb05ae94e29fc89fcb,da96af0b13fa26f9ce196ec95a3d6360a1ac800c87a90878fd63fd461312f93c,14107,2500,200.0,499.8,True,True,True,True,passed,True,True,True,2500,canonical_preserved,passed,proteins plus selected ligands retained during system preparation where applicable,author-defined system preparation and release selection,membrane;solvent;ions;ligands intentionally removed during system preparation,1.0
Gq_8F7X,Gq,1,c2cb72925d3c85571a50317757b935b20b77577d68441d0f3241d47d4b018364,a166772bd18c7217df668acc19b189137c67fd300b9e47535739e325f5e37978,16332,2500,200.0,499.8,True,True,True,True,passed,True,True,True,2500,canonical_preserved,passed,proteins plus selected ligands retained during system preparation where applicable,author-defined system preparation and release selection,membrane;solvent;ions;ligands intentionally removed during system preparation,1.0
Gq_8H0P,Gq,1,d9583052fdb192f6f31afe7fd79971e5fd4af6c26202ac82e3a731f0fb79e22d,5d6aae11747ee8ab7985e0952f37d566b658b08c9420c8dc3b090e979fc9f8df,14589,2500,200.0,499.8,True,True,True,True,passed,True,True,True,2500,canonical_preserved,passed,proteins plus selected ligands retained during system preparation where applicable,author-defined system preparation and release selection,membrane;solvent;ions;ligands intentionally removed during system preparation,1.0
Gq_8HCQ,Gq,1,5bbef61c9f9a3a94c043f0ee1b44466ff863ba597e4eded4d8df21fc583dcb6b,bd31778984785aa9811f96488144fd1757aee64967b9446e8713b446fac444a1,17718,2500,200.0,499.8,True,True,True,True,passed,True,True,True,2500,canonical_preserved,passed,proteins plus selected ligands retained during system preparation where applicable,author-defined system preparation and release selection,membrane;solvent;ions;ligands intentionally removed during system preparation,1.0
Gq_8HCX,Gq,1,d14eb5fb4d504c65d8ef4d8a5c046b83180c9e3b496bb80a4053eed77bb5b9d9,818437bb160a8816260940ca1d5ca70bc909c2c5ae06afbe17d06e3f0b555887,17668,2500,200.0,499.8,True,True,True,True,passed,True,True,True,2500,canonical_preserved,passed,proteins plus selected ligands retained during system preparation where applicable,author-defined system preparation and release selection,membrane;solvent;ions;ligands intentionally removed during system preparation,1.0
Gq_8IBV,Gq,1,109244336fe853f73cd17cad8f6c910e781652665c9a305157a8155de84e29ee,491a4af81a621ecc24d7b40328a7c72d7b68ae26f2e7358413e2a3282a211ced,17708,2500,200.0,499.8,True,True,True,True,passed,True,True,True,2500,canonical_preserved,passed,proteins plus selected ligands retained during system preparation where applicable,author-defined system preparation and release selection,membrane;solvent;ions;ligands intentionally removed during system preparation,1.0
Gq_8IUK,Gq,1,993e82d95d79304655123f2c1139c7308cd1e97edfb29bf10988a5e395dfddb7,65bc218932d17acfc91d6924e9ec8e9fc41af5a6500d508bc93cbf0f2f5ad5e0,14567,2500,200.0,499.8,True,True,True,True,passed,True,True,True,2500,canonical_preserved,passed,proteins plus selected ligands retained during system preparation where applicable,author-defined system preparation and release selection,membrane;solvent;ions;ligands intentionally removed during system preparation,1.0
Gq_8IYS,Gq,1,fede5a810e3b1b58d84a7ddc553527a02c7ce78dff144f5d5087f0a2b2e4b53d,b3dfa089512e7baba6de8a19327dc01515e3cefb3bdcebddc17ade04716fe224,16697,2500,200.0,499.8,True,True,True,True,passed,True,True,True,2500,canonical_preserved,passed,proteins plus selected ligands retained during system preparation where applicable,author-defined system preparation and release selection,membrane;solvent;ions;ligands intentionally removed during system preparation,1.0
Gq_8J9N,Gq,1,75540152661c5d0e217dd3844db55d59ca56c9ba51f462d6ed23e69b206eb2b1,23b7f17c3f885692a0bc0de0d4e0c9ee1f529263269265baddb6c591bfc5e525,17958,2500,200.0,499.8,True,True,True,True,passed,True,True,True,2500,canonical_preserved,passed,proteins plus selected ligands retained during system preparation where applicable,author-defined system preparation and release selection,membrane;solvent;ions;ligands intentionally removed during system preparation,1.0
Gq_8JBG,Gq,1,91cb16f07775029fdf32e25413dfd1994d7bebdc9f081089154c7ab10c7f33bb,aef0bf0942c8e157a2ae8bb4f477ebb3770057b3596080c7291e293794daff08,17190,2500,200.0,499.8,True,True,True,True,passed,True,True,True,2500,canonical_preserved,passed,proteins plus selected ligands retained during system preparation where applicable,author-defined system preparation and release selection,membrane;solvent;ions;ligands intentionally removed during system preparation,1.0
Gq_8WST,Gq,1,8bc17ffda5215bcf144ede3caf7488a8fe5e2cfc3a1d0c2541e98baa4fb7d4c5,750ca898308e1faf8bace65f62562012fdf73b62b130d1a827768b647f13fd36,17457,2500,200.0,499.8,True,True,True,True,passed,True,True,True,2500,canonical_preserved,passed,proteins plus selected ligands retained during system preparation where applicable,author-defined system preparation and release selection,membrane;solvent;ions;ligands intentionally removed during system preparation,1.0
Gq_8WZ2,Gq,1,d87cc5304b930092cbe2d356d85904266a00e4b4b16e5d6dc82d14b9d981f617,ade2deac92142da739820c85d1d085ea02e774ac557bbed6f34076187a9491da,18237,2500,200.0,499.8,True,True,True,True,passed,True,True,True,2500,canonical_preserved,passed,proteins plus selected ligands retained during system preparation where applicable,author-defined system preparation and release selection,membrane;solvent;ions;ligands intentionally removed during system preparation,1.0
Gq_8XGS,Gq,1,65cdab844dd299fd6f84db4a8a1ce1e690286e9de964499df5adcefdd8ba91ae,001c46cf70d54cdd15fae16e41c4cc65ae50e10854cbabe8d8c345b358a79629,16396,2500,200.0,499.8,True,True,True,True,passed,True,True,True,2500,canonical_preserved,passed,proteins plus selected ligands retained during system preparation where applicable,author-defined system preparation and release selection,membrane;solvent;ions;ligands intentionally removed during system preparation,1.0
Gq_8XOJ,Gq,1,3ac8be653295532cc173dab9eddd22252ea2f5dbc44b3860a6d1e30c947d73bc,578dc97bb8c04d29866c941094816fceecb91d5ff559c28d8b86fef796858fe1,17136,2500,200.0,499.8,True,True,True,True,passed,True,True,True,2500,canonical_preserved,passed,proteins plus selected ligands retained during system preparation where applicable,author-defined system preparation and release selection,membrane;solvent;ions;ligands intentionally removed during system preparation,1.0
Gq_8XOR,Gq,1,caa3338f216ee08f26f7d97b5249a6baefd22f32cd14e1eab4c9d64f724985b9,c86221b664d711b3f770d6281dabaf377911e041a3a8bbe487379ab9fc530e81,17585,2500,200.0,499.8,True,True,True,True,passed,True,True,True,2500,canonical_preserved,passed,proteins plus selected ligands retained during system preparation where applicable,author-defined system preparation and release selection,membrane;solvent;ions;ligands intentionally removed during system preparation,1.0
Gq_8Y53,Gq,1,b5b4b17663e217a7cba6c7d3f69dbe46cc200f503d597cec3d28fc9179344492,cb1034130d6048c5f5eafa93b028ae096d3277323474b8777970970f8f353904,16920,2500,200.0,499.8,True,True,True,True,passed,True,True,True,2500,canonical_preserved,passed,proteins plus selected ligands retained during system preparation where applicable,author-defined system preparation and release selection,membrane;solvent;ions;ligands intentionally removed during system preparation,1.0
Gq_8ZPT,Gq,1,81249e0c1389cc118594dde275ce61ce0e320907261a20f0b9c171e773df8804,f3c8f609ada62aa1ea570f599c318374063ef23cb603df2b8441bf66d8229cc1,17248,2500,200.0,499.8,True,True,True,True,passed,True,True,True,2500,canonical_preserved,passed,proteins plus selected ligands retained during system preparation where applicable,author-defined system preparation and release selection,membrane;solvent;ions;ligands intentionally removed during system preparation,1.0
Gs_3SN6,Gs,1,c8c2524d5a7d782024aa1925a794b9f899a7ab4816282d56809c33a7ef8e8bd3,94f76e0e5e395b3e81dc8d18bcb91f810d9217d93a0b303616fd9b39f0c05909,17253,2500,200.0,499.8,True,True,True,True,passed,True,True,True,2500,rebuilt_from_replica_1,passed,proteins plus selected ligands retained during system preparation where applicable,author-defined system preparation and release selection,membrane;solvent;ions;ligands intentionally removed during system preparation,1.0
Gs_6GDG,Gs,1,5e5bdf4c7cd5d7d9099050550f4639ad2f9de5b67c23fb40d3f482e84ec834aa,511e4dd6f53721563c7e6340684a49d84f8cee1a39c72da830be34af7711cb44,17031,2500,200.0,499.8,True,True,True,True,passed,True,True,True,2500,canonical_preserved,passed,proteins plus selected ligands retained during system preparation where applicable,author-defined system preparation and release selection,membrane;solvent;ions;ligands intentionally removed during system preparation,1.0
Gs_6LI3,Gs,1,7640300a8425f30c6949f7f25335d7beaa94672b2ab938c42325f83cab040a9e,b99ec7abec22849c8787d67f2ec38eee90530c31ce320d5d5d11bd4d3cde6053,17167,2500,200.0,499.8,True,True,True,True,passed,True,True,True,2500,canonical_preserved,passed,proteins plus selected ligands retained during system preparation where applicable,author-defined system preparation and release selection,membrane;solvent;ions;ligands intentionally removed during system preparation,1.0
Gs_6NBI,Gs,1,1c1290c2525c96d82af09c9c2aff553bbfc43bf46019a6b72cfc3a3d4243e433,ca5f43b0a335e505544201372fd66e2df440e4a6353712417d9b94eb6fdd3521,20059,2500,200.0,499.8,True,True,True,True,passed,True,True,True,2500,canonical_preserved,passed,proteins plus selected ligands retained during system preparation where applicable,author-defined system preparation and release selection,membrane;solvent;ions;ligands intentionally removed during system preparation,1.0
Gs_6PB0,Gs,1,cf39146dc86cee9502db7e460550658702530f9ecf10497c5f923fd494e38a75,86e8adfa76441a1b6841814039191a431a1e28c8eff2d14b9e4e0e8000e04f27,18852,2500,200.0,499.8,True,True,True,True,passed,True,True,True,2500,canonical_preserved,passed,proteins plus selected ligands retained during system preparation where applicable,author-defined system preparation and release selection,membrane;solvent;ions;ligands intentionally removed during system preparation,1.0
Gs_6PB1,Gs,1,95571f162ebeddd14e0f8cc8c96dafc823824f94bad877fd069ed7c9f9343328,a8e6fd19eebd137c88b73ae3343b5430fb5c22354399dbb6776bad2761ae0a73,18746,2500,200.0,499.8,True,True,True,True,passed,True,True,True,2500,canonical_preserved,passed,proteins plus selected ligands retained during system preparation where applicable,author-defined system preparation and release selection,membrane;solvent;ions;ligands intentionally removed during system preparation,1.0
Gs_6UVA,Gs,1,902e3d563d0f3a76e7962ef66e2c1ba463a4e6c6899faa60740d5d2c32dcfec7,c43fed1120e651a04e20821bf0bbc6e88be29aaabfbee98a3b002c64d8badefe,20711,2500,200.0,499.8,True,True,True,True,passed,True,True,True,2500,canonical_preserved,passed,proteins plus selected ligands retained during system preparation where applicable,author-defined system preparation and release selection,membrane;solvent;ions;ligands intentionally removed during system preparation,1.0
Gs_6WZG,Gs,1,0c20dadfd1141c1a4194f5a334efce75bde08b49f5707c5d0825177be5dd4d52,9040390dad152b3869debd82015d29df3a925e6652f3bd82b488b02445733806,18777,2500,200.0,499.8,True,True,True,True,passed,True,True,True,2500,canonical_preserved,passed,proteins plus selected ligands retained during system preparation where applicable,author-defined system preparation and release selection,membrane;solvent;ions;ligands intentionally removed during system preparation,1.0
Gs_7CFN,Gs,1,7aa697700e7658731db0f82bc10547c34b69ad08b86b4bb1430ce943acbbfcdb,ead9aa0c9781b2b2f2fdda4ceb676ee0768e3454ed70d45849ab6c0e6a75ce3a,17046,2500,200.0,499.8,True,True,True,True,passed,True,True,True,2500,canonical_preserved,passed,proteins plus selected ligands retained during system preparation where applicable,author-defined system preparation and release selection,membrane;solvent;ions;ligands intentionally removed during system preparation,1.0
Gs_7CX2,Gs,1,d7468b9062c21fb191bfd302ecc4b5faafc1471f55ef13c7d0008f02242fa30b,eced0e82ac976148e37bdfc4bf8f9a4cba4cb4f89860476118ede23f16585017,17292,2500,200.0,499.8,True,True,True,True,passed,True,True,True,2500,canonical_preserved,passed,proteins plus selected ligands retained during system preparation where applicable,author-defined system preparation and release selection,membrane;solvent;ions;ligands intentionally removed during system preparation,1.0
Gs_7D68,Gs,1,403cab64d4b9b4fe64f24c44fb381d0910ef40e05c8735741e55b661be30547c,f59c070dc577d42ca3c1fb82df38841c8fc4ed6b2ea53ef111ed8461ea33d7e2,19274,2500,200.0,499.8,True,True,True,True,passed,True,True,True,2500,canonical_preserved,passed,proteins plus selected ligands retained during system preparation where applicable,author-defined system preparation and release selection,membrane;solvent;ions;ligands intentionally removed during system preparation,1.0
Gs_7D7M,Gs,1,8af8c02a18e4e9f2ac5523b101f8b9adeaa0a72384224230b5de4420f9dd5a37,c1d79b26572eb11922cfa83f61d2168f8f99bde42a2f702eda2ea762436a246a,17830,2500,200.0,499.8,True,True,True,True,passed,True,True,True,2500,canonical_preserved,passed,proteins plus selected ligands retained during system preparation where applicable,author-defined system preparation and release selection,membrane;solvent;ions;ligands intentionally removed during system preparation,1.0
Gs_7DUQ,Gs,1,143b5153a38de2878a7f8c64839518e7476e2dab61d083d46dcc0991e2987fa1,d982f752682ba08137b3c54f4e7922fd70b1a6092aa8737bbaea6ab066b2a030,19179,2500,200.0,499.8,True,True,True,True,passed,True,True,True,2500,canonical_preserved,passed,proteins plus selected ligands retained during system preparation where applicable,author-defined system preparation and release selection,membrane;solvent;ions;ligands intentionally removed during system preparation,1.0
Gs_7EQ1,Gs,1,59e28d2909c2bc527250e9f575a74603deded432103406fda6c89cddb60230a3,a4c03466ccd2eecf07998ec3abf89845d309b3415e465f9777e4119b757eff45,17024,2500,200.0,499.8,True,True,True,True,passed,True,True,True,2500,canonical_preserved,passed,proteins plus selected ligands retained during system preparation where applicable,author-defined system preparation and release selection,membrane;solvent;ions;ligands intentionally removed during system preparation,1.0
Gs_7F16,Gs,1,f7a576cf1c3e6afd93a9e5345757602d0d1250de1a71e6492a08eaf17c0e5f8f,8d2265a736c5e4e446adc639eb3ae9f53f77c46075c26c25e0efc0d51bf4da56,19345,2500,200.0,499.8,True,True,True,True,passed,True,True,True,2500,canonical_preserved,passed,proteins plus selected ligands retained during system preparation where applicable,author-defined system preparation and release selection,membrane;solvent;ions;ligands intentionally removed during system preparation,1.0
Gs_7F4H,Gs,1,b4a0dff8a582c819aab0cb6248d56a9f9518d5c7c9489e29af30d33e72cc5a02,84df828e109d431bce09be440bbce1d50837ea9e339d004dd8772f1c7e388764,16883,2500,200.0,499.8,True,True,True,True,passed,True,True,True,2500,canonical_preserved,passed,proteins plus selected ligands retained during system preparation where applicable,author-defined system preparation and release selection,membrane;solvent;ions;ligands intentionally removed during system preparation,1.0
Gs_7F54,Gs,1,6ddc47f4a840d38d50c54463671c5c502a8dbfc9b58bace0618205ca8f9ba3a9,55e19117813a60f8751894d44fea0771ed0948a4ee94a66a8ae5ebb74d18ede0,16936,2500,200.0,499.8,True,True,True,True,passed,True,True,True,2500,canonical_preserved,passed,proteins plus selected ligands retained during system preparation where applicable,author-defined system preparation and release selection,membrane;solvent;ions;ligands intentionally removed during system preparation,1.0
Gs_7FIG,Gs,1,ecefc08c6e764e28725fce6fa6fb49ce811725d4e62ebd0542ad2e66a9cc1f39,3424fa7e26236750cff9f09881989d2e43ad081da0742aa4f7185293f4fb8fea,21347,2500,200.0,499.8,True,True,True,True,passed,True,True,True,2500,canonical_preserved,passed,proteins plus selected ligands retained during system preparation where applicable,author-defined system preparation and release selection,membrane;solvent;ions;ligands intentionally removed during system preparation,1.0
Gs_7FIN,Gs,1,1e2a8c7262ee0047eda5dc896a13f196c75595dcb5faa62f43cf76e88b71bbe7,6cf9a600dcdec30f6f6c95afaa97fed8fe22f266063d0be5d499ee2526e8c02b,19082,2500,200.0,499.8,True,True,True,True,passed,True,True,True,2500,canonical_preserved,passed,proteins plus selected ligands retained during system preparation where applicable,author-defined system preparation and release selection,membrane;solvent;ions;ligands intentionally removed during system preparation,1.0
Gs_7JVQ,Gs,1,63a3f5a146c8ddf47149fe72a3b8117788e2e708148ab339272a2323d75b2a6f,4b89c5684161e01cad40f48f7d2098d1b4df96ee2fa0b8bf9ed11c16ef034151,18033,2500,200.0,499.8,True,True,True,True,passed,True,True,True,2500,canonical_preserved,passed,proteins plus selected ligands retained during system preparation where applicable,author-defined system preparation and release selection,membrane;solvent;ions;ligands intentionally removed during system preparation,1.0
Gs_7KH0,Gs,1,21b8579e084222f87899c26b42856f6be3f072f8a514e5b9fc63784ab0ea8004,e655b47b283a9b15e61426bd66ed5a7cb06341ab64b5186688fe4510e0814e91,17297,2500,200.0,499.8,True,True,True,True,passed,True,True,True,2500,canonical_preserved,passed,proteins plus selected ligands retained during system preparation where applicable,author-defined system preparation and release selection,membrane;solvent;ions;ligands intentionally removed during system preparation,1.0
Gs_7L1V,Gs,1,abba694b1d03dbe2070db99063ad1e4cdd50d23eeb6a2954aa3fb8ca9858df74,3c7a778aa7f517eb368fdf3e9aeee1a7b4b9b4fcd163b37e841b275df2b25f7f,15201,2500,200.0,499.8,True,True,True,True,passed,True,True,True,2500,canonical_preserved,passed,proteins plus selected ligands retained during system preparation where applicable,author-defined system preparation and release selection,membrane;solvent;ions;ligands intentionally removed during system preparation,1.0
Gs_7MBX,Gs,1,8be8e852010a2ebc896f567e9c9311b464f5d4de0539d4787aaa29401b08c5ce,0c052099da70405596a38654b201d319c07e88b85f7ddba9f8170088a74f6ce1,18133,2500,200.0,499.8,True,True,True,True,passed,True,True,True,2500,canonical_preserved,passed,proteins plus selected ligands retained during system preparation where applicable,author-defined system preparation and release selection,membrane;solvent;ions;ligands intentionally removed during system preparation,1.0
Gs_7RMH,Gs,1,2f5a2adfa996c6260a25eac037ecf8412210e36a5dad2469db5ad7a459efd8a4,502a648df093e37b4705a697c3b06a6914a551187ebd6a47b91567a51ebbcfa5,17073,2500,200.0,499.8,True,True,True,True,passed,True,True,True,2500,canonical_preserved,passed,proteins plus selected ligands retained during system preparation where applicable,author-defined system preparation and release selection,membrane;solvent;ions;ligands intentionally removed during system preparation,1.0
Gs_7T9N,Gs,1,a8911014ea5d450462e66fc50066ea5ee92222ea6f99a9208585fabad790385d,003343e729fc5991fbb047b20fd1792a5cd17e69b59b6cf819b13f47d21be4d1,20579,2500,200.0,499.8,True,True,True,True,passed,True,True,True,2500,canonical_preserved,passed,proteins plus selected ligands retained during system preparation where applicable,author-defined system preparation and release selection,membrane;solvent;ions;ligands intentionally removed during system preparation,1.0
Gs_7TMW,Gs,1,e1e5951f1043e0bc8daa2b4ad58426c4495bef560d3ec57e940071964458f10e,925911dfdc50a2034aa21cb7edb444861f336e60f2bd493c68a36a6b7403d384,19672,2500,200.0,499.8,True,True,True,True,passed,True,True,True,2500,canonical_preserved,passed,proteins plus selected ligands retained during system preparation where applicable,author-defined system preparation and release selection,membrane;solvent;ions;ligands intentionally removed during system preparation,1.0
Gs_7V9M,Gs,1,bf89e137930979e7ecd5e7701610f04b8b7127b0963a39a6ddd29c78731908d4,e038f261b557ef742e6b4f6c8db5cb3565568c0f59b730d01d48ee90c2ecea5b,16956,2500,200.0,499.8,True,True,True,True,passed,True,True,True,2500,canonical_preserved,passed,proteins plus selected ligands retained during system preparation where applicable,author-defined system preparation and release selection,membrane;solvent;ions;ligands intentionally removed during system preparation,1.0
Gs_7WBJ,Gs,1,082feaf51c8fe72fee2c9bd511dd835f73b3b3d7dc5fca3cac2c68b1240033e1,143e33776f4293451a4102f824ad76fcf839ae3e82d53ba754b2936eeab04062,18630,2500,200.0,499.8,True,True,True,True,passed,True,True,True,2500,canonical_preserved,passed,proteins plus selected ligands retained during system preparation where applicable,author-defined system preparation and release selection,membrane;solvent;ions;ligands intentionally removed during system preparation,1.0
Gs_7WU2,Gs,1,a2ce679e1ddfe0e5580f4bb1ace3dcb0b91ba62502bab6c085d555d25de2ff1a,198a7a6aef7a02d399126412b006d60476b9cdd9f251f9f0a41f732a451ac97f,16328,2500,200.0,499.8,True,True,True,True,passed,True,True,True,2500,canonical_preserved,passed,proteins plus selected ligands retained during system preparation where applicable,author-defined system preparation and release selection,membrane;solvent;ions;ligands intentionally removed during system preparation,1.0
Gs_7WU3,Gs,1,3d54392cc3f904f5eea0b5173b4d123325d8d66b01d239fb21e4a9cea4d62d49,ff0839d738b9eb1c4fee2a8d9d4ac62ebc88553de8c765eb0476c8a7f6f628d8,16622,2500,200.0,499.8,True,True,True,True,passed,True,True,True,2500,canonical_preserved,passed,proteins plus selected ligands retained during system preparation where applicable,author-defined system preparation and release selection,membrane;solvent;ions;ligands intentionally removed during system preparation,1.0
Gs_7WUJ,Gs,1,38088b6f96dfa849bb476f377fcdb5f6e9b36a4d3a737ffbe157ba78a1a611e0,b82424193bae784079f18fe513203d1a1fda690c439ec1bbf2a98dc4ade519fb,16759,2500,200.0,499.8,True,True,True,True,passed,True,True,True,2500,canonical_preserved,passed,proteins plus selected ligands retained during system preparation where applicable,author-defined system preparation and release selection,membrane;solvent;ions;ligands intentionally removed during system preparation,1.0
Gs_7XT8,Gs,1,a091aebcc7c3ea1f6b87239612100270bf667ffd73ad95ea7e8d224f5c8507b4,aecacb2ca5fd8a6a05d67bb03301bf490943fd3f31cb635e28890987c40fb7c7,17359,2500,200.0,499.8,True,True,True,True,passed,True,True,True,2500,canonical_preserved,passed,proteins plus selected ligands retained during system preparation where applicable,author-defined system preparation and release selection,membrane;solvent;ions;ligands intentionally removed during system preparation,1.0
Gs_7XTB,Gs,1,5b751b282e38740d49c9c7d01f392f29bee7c055432ccb9c7d64f1a051bc738a,f043b85d28adb29be3b12f9f8b899c8b7eb70a894ecdcbbac82ad864d027bbbe,17519,2500,200.0,499.8,True,True,True,True,passed,True,True,True,2500,canonical_preserved,passed,proteins plus selected ligands retained during system preparation where applicable,author-defined system preparation and release selection,membrane;solvent;ions;ligands intentionally removed during system preparation,1.0
Gs_7XTC,Gs,1,ed53831c0c329f3af56d0f212014f4277d9d7daff5eca93289c3ac1b19203d54,ceb34ec14cd5af755a5e479e8da1850090202258dfca6f870906104db3cde1a3,17760,2500,200.0,499.8,True,True,True,True,passed,True,True,True,2500,canonical_preserved,passed,proteins plus selected ligands retained during system preparation where applicable,author-defined system preparation and release selection,membrane;solvent;ions;ligands intentionally removed during system preparation,1.0
Gs_7XV3,Gs,1,6369e815e43be56bde10538252733c394caaa9be0dff3cfec0db3927523ffd25,a7047bcf6d299b6455bf4763d4ed38ffa153b20579a04ff42eed10bf7e91e43c,17506,2500,200.0,499.8,True,True,True,True,passed,True,True,True,2500,canonical_preserved,passed,proteins plus selected ligands retained during system preparation where applicable,author-defined system preparation and release selection,membrane;solvent;ions;ligands intentionally removed during system preparation,1.0
Gs_7XZ5,Gs,1,79856fb395ee349e95da8dda7b8132ea163d0ff7c20d0acb35de4e0bb7843edb,8540455add2695c084172e31ebb0ec64a63e3cfb32439e0bae2b69928206d42e,17092,2500,200.0,499.8,True,True,True,True,passed,True,True,True,2500,canonical_preserved,passed,proteins plus selected ligands retained during system preparation where applicable,author-defined system preparation and release selection,membrane;solvent;ions;ligands intentionally removed during system preparation,1.0
Gs_7Y3G,Gs,1,b805d7d71a36b75a2afd88e1fd8f3feecd5260562940af8011ff361dc05ab3a2,195020bb9fad1fef1a8da0869df9eae31eefa2a089a0cc2f45afc8355b0865dd,16893,2500,200.0,499.8,True,True,True,True,passed,True,True,True,2500,canonical_preserved,passed,proteins plus selected ligands retained during system preparation where applicable,author-defined system preparation and release selection,membrane;solvent;ions;ligands intentionally removed during system preparation,1.0
Gs_8E3X,Gs,1,7ae95fc7ae86773d41c02454359b6b23d78b452802981a963faf42a5800e92ff,7607ab170901383537351fbeae0f36afbbd8a26c181c291c331d13049188193d,18973,2500,200.0,499.8,True,True,True,True,passed,True,True,True,2500,canonical_preserved,passed,proteins plus selected ligands retained during system preparation where applicable,author-defined system preparation and release selection,membrane;solvent;ions;ligands intentionally removed during system preparation,1.0
Gs_8E3Y,Gs,1,f6a7fe10f061a0a4a50d7d9bf876d1f41c949954afc853e75f6386a03f0ad075,d384226f799b7b23d6e5adfb1585bac9396393a539fd5f54f64eaff1a23d35e5,18656,2500,200.0,499.8,True,True,True,True,passed,True,True,True,2500,canonical_preserved,passed,proteins plus selected ligands retained during system preparation where applicable,author-defined system preparation and release selection,membrane;solvent;ions;ligands intentionally removed during system preparation,1.0
Gs_8F0J,Gs,1,c3a1861350a33857a726db7dbe9da19f84abdde229680fc2935df104847e1178,fd89c71c3ee19d07fa3f6f958d111e2317f4e99ea2b6e0dc185393d29bea0a67,18907,2500,200.0,499.8,True,True,True,True,passed,True,True,True,2500,canonical_preserved,passed,proteins plus selected ligands retained during system preparation where applicable,author-defined system preparation and release selection,membrane;solvent;ions;ligands intentionally removed during system preparation,1.0
Gs_8F76,Gs,1,331ded003424d63b9669a7b7a353c00120e57dc554a7dc515d5ede7665ea0890,d4830ef0617a28fee9e0cca1c84e9d757db853f16f040bb60651a5b05c8a4414,17352,2500,200.0,499.8,True,True,True,True,passed,True,True,True,2500,canonical_preserved,passed,proteins plus selected ligands retained during system preparation where applicable,author-defined system preparation and release selection,membrane;solvent;ions;ligands intentionally removed during system preparation,1.0
Gs_8FU6,Gs,1,c70ca91f37f53c0d6e9d3ad04cf4aa74eecc55c48bd6f0b68d7375efc5359afe,5e66934a5d34e5d01afec7397bf86caa586ad601ec4d669d83832157ddf68463,19242,2500,200.0,499.8,True,True,True,True,passed,True,True,True,2500,canonical_preserved,passed,proteins plus selected ligands retained during system preparation where applicable,author-defined system preparation and release selection,membrane;solvent;ions;ligands intentionally removed during system preparation,1.0
Gs_8H4I,Gs,1,5e41d6c5e60d72988f21e4d84ce782fc05de795e222af9edba8baa4fa69e5cde,217bf525be7923a8e9d9916b4c48e58e875e8a251d80ac3f92deccf060b1706e,14889,2500,200.0,499.8,True,True,True,True,passed,True,True,True,2500,canonical_preserved,passed,proteins plus selected ligands retained during system preparation where applicable,author-defined system preparation and release selection,membrane;solvent;ions;ligands intentionally removed during system preparation,1.0
Gs_8HDP,Gs,1,d2065d425d49913682418a66796d81bfd7260cb2b7e64cebeb60bd61c1c555d3,2c3a4b68291cd91d762968f524abd5f30931a16421fc7d101e86a11888c443bf,14860,2500,200.0,499.8,True,True,True,True,passed,True,True,True,2500,canonical_preserved,passed,proteins plus selected ligands retained during system preparation where applicable,author-defined system preparation and release selection,membrane;solvent;ions;ligands intentionally removed during system preparation,1.0
Gs_8HJ1,Gs,1,97a147d5e87a259b5c1afd3d344f158ac6c63d4c100fa6ad8c677ba767b8f67e,2777c94991f59054d175e243139885feb20769f8f16b22c898e8adef8f08af15,17617,2500,200.0,499.8,True,True,True,True,passed,True,True,True,2500,canonical_preserved,passed,proteins plus selected ligands retained during system preparation where applicable,author-defined system preparation and release selection,membrane;solvent;ions;ligands intentionally removed during system preparation,1.0
Gs_8HJ2,Gs,1,ce0f26d0890af11f15faf6f24e73d638a6d76bc73ba798d64370de4aed48b0c9,4a2de3148d2c9db6ac9718e02b8693e5a4bccd3797a013d25a49a68c2fb8f182,17193,2500,200.0,499.79998828125,True,True,True,True,passed,True,True,True,2500,canonical_preserved,passed,proteins plus selected ligands retained during system preparation where applicable,author-defined system preparation and release selection,membrane;solvent;ions;ligands intentionally removed during system preparation,1.0
Gs_8HTI,Gs,1,d3d32c889590c840b9c76c1466a82cb9162e104c5559683b241d6036e67b43af,29466c22b815a80001c01763aba062e194af0cb973e8bcfa70cf6647a27c3c1c,16320,2500,200.0,499.8,True,True,True,True,passed,True,True,True,2500,canonical_preserved,passed,proteins plus selected ligands retained during system preparation where applicable,author-defined system preparation and release selection,membrane;solvent;ions;ligands intentionally removed during system preparation,1.0
Gs_8I2G,Gs,1,14efebb6f32af3a66de69150d13ff785c9891f8073c9a22478baa04ada84f46f,98ec0d23a2bf65833d011f66a1fa40062d36f9dd6696f1ca8ea021817e159afb,20093,2500,200.0,499.8,True,True,True,True,passed,True,True,True,2500,canonical_preserved,passed,proteins plus selected ligands retained during system preparation where applicable,author-defined system preparation and release selection,membrane;solvent;ions;ligands intentionally removed during system preparation,1.0
Gs_8INR,Gs,1,e9eeb922ef0fee5041a89bcc289000826cb53b6def7ac978dec89cfc4133e4a5,2feeeddf653e2dab3cfb8cf181614e192a467cfb5ab9b632cb959fd919ca306d,16752,2500,200.0,499.8,True,True,True,True,passed,True,True,True,2500,canonical_preserved,passed,proteins plus selected ligands retained during system preparation where applicable,author-defined system preparation and release selection,membrane;solvent;ions;ligands intentionally removed during system preparation,1.0
Gs_8IOC,Gs,1,9a17a3e1de20baef90d66a9fab57c28e296c08760e0e11ff8d451626083b1feb,ca3000cf9bdd164f38c130c66eeccdd53872d7e15615cf8ad92918b22f094f45,14606,2500,200.0,499.8,True,True,True,True,passed,True,True,True,2500,canonical_preserved,passed,proteins plus selected ligands retained during system preparation where applicable,author-defined system preparation and release selection,membrane;solvent;ions;ligands intentionally removed during system preparation,1.0
Gs_8IRV,Gs,1,2fbb025be14b95b836365c3e6f7ae132e3bea29b3a5ef7979bc110e57fdc28cc,d55c4982a735d7598a2ff33ee9af0a53f2dfb8f7b7f5768139cb76f60baed471,17816,2500,200.0,499.8,True,True,True,True,passed,True,True,True,2500,canonical_preserved,passed,proteins plus selected ligands retained during system preparation where applicable,author-defined system preparation and release selection,membrane;solvent;ions;ligands intentionally removed during system preparation,1.0
Gs_8JPP,Gs,1,28d46f3a64b0115ffba65e585539db302ac78696a612caea39c8e4c9b0f764aa,444849c8a0b0ca9ecbb899ffda36531ceb4609d89f822fa54dfa5d2f68fe5244,16968,2500,200.0,499.8,True,True,True,True,passed,True,True,True,2500,canonical_preserved,passed,proteins plus selected ligands retained during system preparation where applicable,author-defined system preparation and release selection,membrane;solvent;ions;ligands intentionally removed during system preparation,1.0
Gs_8KGK,Gs,1,5413d320138a31718a8a6b6f9fffa068d044e614ce33e2314f9975b7a3f5b92f,e583cd3d96f6769eb221cbec0ddb3fcfac262361d5b317276c79d3d0fd1b7601,17646,2500,200.0,499.8,True,True,True,True,passed,True,True,True,2500,canonical_preserved,passed,proteins plus selected ligands retained during system preparation where applicable,author-defined system preparation and release selection,membrane;solvent;ions;ligands intentionally removed during system preparation,1.0
Gs_8KH5,Gs,1,3aff9a817cf2e475c55e9655bac850c504e1fae64705346c8985cc2c1b4232a7,4fb01d95e2264cd2b0bb49a1d72891ffbde684a02aacdb361a85381ec43680ba,17099,2500,200.0,499.8,True,True,True,True,passed,True,True,True,2500,canonical_preserved,passed,proteins plus selected ligands retained during system preparation where applicable,author-defined system preparation and release selection,membrane;solvent;ions;ligands intentionally removed during system preparation,1.0
Gs_8SMV,Gs,1,997b2f89d48da73c67dd4a72ba8c87932841e5cedc6f0673570352da14a2a2a0,726bc454ae26b94ea5d697bc08ecad304b5696d96b40e95f4fbbd4120f2c09d9,17902,2500,200.0,499.8,True,True,True,True,passed,True,True,True,2500,canonical_preserved,passed,proteins plus selected ligands retained during system preparation where applicable,author-defined system preparation and release selection,membrane;solvent;ions;ligands intentionally removed during system preparation,1.0
Gs_8U8F,Gs,1,992e3a7c884302ed04dc0362f935a63117f26ae881f6ce94f42dff302876e051,0015fe7ae6ca6b7a6f5947fb359846ca5b5f9c86e8fe20c41e9b834f82ce0716,16776,2500,200.0,499.8,True,True,True,True,passed,True,True,True,2500,canonical_preserved,passed,proteins plus selected ligands retained during system preparation where applicable,author-defined system preparation and release selection,membrane;solvent;ions;ligands intentionally removed during system preparation,1.0
Gs_8W87,Gs,1,af373e9c83d953c71092ba369f93f38ff40e0a00c6fb3fb304247807fb7b3322,9270babed259cb3baa7d1266ca2072647508c8d58e471b4e0b3a2cdef074caa3,16607,2500,200.0,499.8,True,True,True,True,passed,True,True,True,2500,canonical_preserved,passed,proteins plus selected ligands retained during system preparation where applicable,author-defined system preparation and release selection,membrane;solvent;ions;ligands intentionally removed during system preparation,1.0
Gs_8W8Q,Gs,1,c4e5b9e2dd4ddae8b38f025c80673030d9c4876debb20a058d1639f64b3875b5,dd80fa763a04f8351a70350e57ba8695a5af212c6232162da76e30a25e10bc14,19766,2500,200.0,499.8,True,True,True,True,passed,True,True,True,2500,canonical_preserved,passed,proteins plus selected ligands retained during system preparation where applicable,author-defined system preparation and release selection,membrane;solvent;ions;ligands intentionally removed during system preparation,1.0
Gs_8WJX,Gs,1,0bd0a7d9a652f2c45148ce818dc934b881e758b32a62cae87d9fc914ba9e3dc7,9a7ba8e71755d94e58125725feb749d05e1be6387d66b26bef6ead62fd4fc3c8,16624,2500,200.0,499.8,True,True,True,True,passed,True,True,True,2500,canonical_preserved,passed,proteins plus selected ligands retained during system preparation where applicable,author-defined system preparation and release selection,membrane;solvent;ions;ligands intentionally removed during system preparation,1.0
Gs_8X79,Gs,1,55c7ea9c17ce587ce6fb1b429abaa354c5e109fe81417dd5d7a9b5ebc8b92ac0,9bffc8ee860107fb7ff2fba519bd9f61fb3ccacce2dc7ee6a7705ed540c75b73,17237,2500,200.0,499.8,True,True,True,True,passed,True,True,True,2500,canonical_preserved,passed,proteins plus selected ligands retained during system preparation where applicable,author-defined system preparation and release selection,membrane;solvent;ions;ligands intentionally removed during system preparation,1.0
Gs_8XVI,Gs,1,a642fe6dfc6f53f37d8b1252cbe671480139373d18d71572a4dbd7d82285a56b,a8961a7027cf09fb083a74d2152f0fe17ebcd9efed817b19745937aeec71a45c,18239,2500,200.0,499.8,True,True,True,True,passed,True,True,True,2500,canonical_preserved,passed,proteins plus selected ligands retained during system preparation where applicable,author-defined system preparation and release selection,membrane;solvent;ions;ligands intentionally removed during system preparation,1.0
Gs_8YN2,Gs,1,f2940593576700fd1e1d4ee541dfe186a4c80206398ec0d29a46445e7499bb5f,99bfba943edcf9b9275777f4553ff1d131d6db894bfa6a2be1694c2554f8dca5,17362,2500,200.0,499.8,True,True,True,True,passed,True,True,True,2500,canonical_preserved,passed,proteins plus selected ligands retained during system preparation where applicable,author-defined system preparation and release selection,membrane;solvent;ions;ligands intentionally removed during system preparation,1.0
Gs_8YUT,Gs,1,fbc1fe71042f19383881437dc90e1be726fc62de8bced3e03a355488d85a8f3d,2539a7bf41945c9c478f79d249c0d7f73e82a3c17fb54f751dd61009786655dc,16644,2500,200.0,499.8,True,True,True,True,passed,True,True,True,2500,canonical_preserved,passed,proteins plus selected ligands retained during system preparation where applicable,author-defined system preparation and release selection,membrane;solvent;ions;ligands intentionally removed during system preparation,1.0
Gs_8YUV,Gs,1,4c571a8de08422acabd78999c23e4e68670299e887e4256ed982eb00221f0b7a,5b0cd974a31260b15c744f331f42c6054f4a7763e960f0b26f063e1a1b833271,17869,2500,200.0,499.8,True,True,True,True,passed,True,True,True,2500,canonical_preserved,passed,proteins plus selected ligands retained during system preparation where applicable,author-defined system preparation and release selection,membrane;solvent;ions;ligands intentionally removed during system preparation,1.0
Gs_9BLC,Gs,1,a5ad51a54308035c12ccb27fecf1707bb32923d6fc68b35d5159bca3914101ba,9ba32c403711263680b8448a7bfbba33d32c94ba81049bfa2b1246c8e1a550e0,19009,2500,200.0,499.8,True,True,True,True,passed,True,True,True,2500,canonical_preserved,passed,proteins plus selected ligands retained during system preparation where applicable,author-defined system preparation and release selection,membrane;solvent;ions;ligands intentionally removed during system preparation,1.0
