order,resid,resname,persistence,persistence_label
0,1049,PHE,1.0,PHE1049 (persistence: 1.000)
1,958,LEU,1.0,LEU958 (persistence: 1.000)
2,973,PHE,1.0,PHE973 (persistence: 1.000)
3,864,ASN,1.0,ASN864 (persistence: 1.000)
4,883,ARG,1.0,ARG883 (persistence: 1.000)
5,884,GLU,1.0,GLU884 (persistence: 1.000)
6,887,ALA,1.0,ALA887 (persistence: 1.000)
7,888,PHE,1.0,PHE888 (persistence: 1.000)
8,891,LEU,1.0,LEU891 (persistence: 1.000)
9,892,SER,1.0,SER892 (persistence: 1.000)
10,895,VAL,0.9996,VAL895 (persistence: 1.000)
11,969,VAL,0.9988,VAL969 (persistence: 0.999)
12,972,ILE,0.9984,ILE972 (persistence: 0.998)
13,1046,HSD,0.996,HSD1046 (persistence: 0.996)
14,868,SER,0.9912,SER868 (persistence: 0.991)
15,1028,LEU,0.9908,LEU1028 (persistence: 0.991)
16,793,TYR,0.9904,TYR793 (persistence: 0.990)
17,896,PHE,0.9888,PHE896 (persistence: 0.989)
18,937,LEU,0.9772,LEU937 (persistence: 0.977)
19,1024,ALA,0.964,ALA1024 (persistence: 0.964)
20,808,ARG,0.9608,ARG808 (persistence: 0.961)
21,976,ILE,0.952,ILE976 (persistence: 0.952)
22,1021,TRP,0.918,TRP1021 (persistence: 0.918)
23,869,GLY,0.8024,GLY869 (persistence: 0.802)
24,861,PHE,0.7908,PHE861 (persistence: 0.791)
25,957,VAL,0.5536,VAL957 (persistence: 0.554)
26,880,TRP,0.4664,TRP880 (persistence: 0.466)
27,1045,ALA,0.322,ALA1045 (persistence: 0.322)
28,797,LYS,0.2976,LYS797 (persistence: 0.298)
29,961,TYR,0.23,TYR961 (persistence: 0.230)
30,873,LEU,0.0292,LEU873 (persistence: 0.029)
31,1052,SER,0.0264,SER1052 (persistence: 0.026)
32,959,PRO,0.0252,PRO959 (persistence: 0.025)
33,1025,PHE,0.0224,PHE1025 (persistence: 0.022)
34,870,SER,0.008,SER870 (persistence: 0.008)
35,933,ILE,0.0072,ILE933 (persistence: 0.007)
36,934,SER,0.0052,SER934 (persistence: 0.005)
37,865,THR,0.0028,THR865 (persistence: 0.003)
38,867,LEU,0.0024,LEU867 (persistence: 0.002)
39,970,VAL,0.002,VAL970 (persistence: 0.002)
40,1043,TYR,0.0016,TYR1043 (persistence: 0.002)
41,1027,ILE,0.0008,ILE1027 (persistence: 0.001)
42,968,CYS,0.0008,CYS968 (persistence: 0.001)
43,885,GLY,0.0008,GLY885 (persistence: 0.001)
44,875,LEU,0.0004,LEU875 (persistence: 0.000)
45,1050,ALA,0.0004,ALA1050 (persistence: 0.000)
46,801,GLU,0.0004,GLU801 (persistence: 0.000)
47,1053,THR,0.0004,THR1053 (persistence: 0.000)
